round,model,est_rank,percentile
2,integrated_v2,3088452,37.9
2,np_no_num,1441196,17.7
3,integrated_v2,7972801,97.9
3,np_no_num,2703617,33.2
4,integrated_v2,2228377,27.4
4,np_no_num,776185,9.5
5,integrated_v2,1795896,22.0
5,np_no_num,1695309,20.8
6,integrated_v2,89184,1.1
6,np_no_num,84704,1.0
7,integrated_v2,2040236,25.0
7,np_no_num,2469459,30.3
8,integrated_v2,6503098,79.8
8,np_no_num,6449343,79.2
9,integrated_v2,6156950,75.6
9,np_no_num,6067766,74.5
10,integrated_v2,6007903,73.8
10,np_no_num,5748496,70.6
11,integrated_v2,4633086,56.9
11,np_no_num,4566707,56.1
12,integrated_v2,441033,5.4
12,np_no_num,456915,5.6
13,integrated_v2,4140741,50.8
13,np_no_num,4073141,50.0
14,integrated_v2,1535674,18.9
14,np_no_num,1374003,16.9
15,integrated_v2,3159718,38.8
15,np_no_num,3274965,40.2
16,integrated_v2,5428004,66.6
16,np_no_num,5823019,71.5
17,integrated_v2,4635936,56.9
17,np_no_num,4860729,59.7
18,integrated_v2,6872865,84.4
18,np_no_num,6877752,84.4
19,integrated_v2,2291498,28.1
19,np_no_num,2090732,25.7
20,integrated_v2,6716488,82.5
20,np_no_num,6532826,80.2
21,integrated_v2,4094317,50.3
21,np_no_num,4232776,52.0
22,integrated_v2,6016862,73.9
22,np_no_num,5820576,71.5
23,integrated_v2,4983555,61.2
23,np_no_num,5109396,62.7
24,integrated_v2,2889316,35.5
24,np_no_num,2771625,34.0
25,integrated_v2,2759001,33.9
25,np_no_num,2754114,33.8
26,integrated_v2,4314630,53.0
26,np_no_num,3924094,48.2
27,integrated_v2,7346070,90.2
27,np_no_num,7601404,93.3
28,integrated_v2,1951052,24.0
28,np_no_num,2431993,29.9
29,integrated_v2,3501793,43.0
29,np_no_num,3626407,44.5
30,integrated_v2,6545857,80.4
30,np_no_num,6868793,84.3
31,integrated_v2,6923362,85.0
31,np_no_num,6921733,85.0
32,integrated_v2,4443315,54.6
32,np_no_num,4378158,53.8
33,integrated_v2,1027855,12.6
33,np_no_num,834012,10.2
34,integrated_v2,183255,2.2
34,np_no_num,206467,2.5
35,integrated_v2,132758,1.6
35,np_no_num,140902,1.7
36,integrated_v2,3426455,42.1
36,np_no_num,3669573,45.1
37,integrated_v2,1435088,17.6
37,np_no_num,1657437,20.3
38,integrated_v2,3571837,43.9
38,np_no_num,3175193,39.0
39,integrated_v2,6180977,75.9
39,np_no_num,6163059,75.7
40,integrated_v2,1715264,21.1
40,np_no_num,1589022,19.5
41,integrated_v2,2587963,31.8
41,np_no_num,2643754,32.5
42,integrated_v2,6316178,77.5
42,np_no_num,6240840,76.6
43,integrated_v2,1804041,22.1
43,np_no_num,1994625,24.5
44,integrated_v2,7548057,92.7
44,np_no_num,7682851,94.3
45,integrated_v2,5921163,72.7
45,np_no_num,6209076,76.2
46,integrated_v2,7527695,92.4
46,np_no_num,7535026,92.5
47,integrated_v2,6196859,76.1
47,np_no_num,6301518,77.4
48,integrated_v2,2324077,28.5
48,np_no_num,2715834,33.3
49,integrated_v2,105880,1.3
49,np_no_num,98958,1.2
50,integrated_v2,7573713,93.0
50,np_no_num,7383535,90.7
51,integrated_v2,4506029,55.3
51,np_no_num,3902918,47.9
52,integrated_v2,6771057,83.1
52,np_no_num,6353236,78.0
53,integrated_v2,5925235,72.7
53,np_no_num,6062880,74.4
54,integrated_v2,5127059,62.9
54,np_no_num,5515152,67.7
55,integrated_v2,2462943,30.2
55,np_no_num,2458871,30.2
56,integrated_v2,2887279,35.4
56,np_no_num,3115330,38.2
57,integrated_v2,6074689,74.6
57,np_no_num,6547894,80.4
58,integrated_v2,4747518,58.3
58,np_no_num,4721455,58.0
59,integrated_v2,5217465,64.1
59,np_no_num,4815119,59.1
60,integrated_v2,3696043,45.4
60,np_no_num,3882556,47.7
61,integrated_v2,1993503,24.5
61,np_no_num,1746708,21.4
62,integrated_v2,5178777,63.6
62,np_no_num,5485831,67.4
63,integrated_v2,2654750,32.6
63,np_no_num,3255825,40.0
64,integrated_v2,3169084,38.9
64,np_no_num,3172749,39.0
65,integrated_v2,1738883,21.3
65,np_no_num,2164849,26.6
66,integrated_v2,5540807,68.0
66,np_no_num,4971496,61.0
67,integrated_v2,6832956,83.9
67,np_no_num,7186434,88.2
68,integrated_v2,4851770,59.6
68,np_no_num,5053350,62.0
69,integrated_v2,2862845,35.1
69,np_no_num,2559050,31.4
70,integrated_v2,7590409,93.2
70,np_no_num,7475162,91.8
71,integrated_v2,7578192,93.0
71,np_no_num,7783845,95.6
72,integrated_v2,2474346,30.4
72,np_no_num,2129827,26.1
73,integrated_v2,4491776,55.1
73,np_no_num,3995359,49.1
74,integrated_v2,2752893,33.8
74,np_no_num,3324240,40.8
75,integrated_v2,6340612,77.8
75,np_no_num,6205004,76.2
76,integrated_v2,7221049,88.7
76,np_no_num,7241004,88.9
77,integrated_v2,5699221,70.0
77,np_no_num,5965958,73.2
78,integrated_v2,824646,10.1
78,np_no_num,1110931,13.6
79,integrated_v2,5468727,67.1
79,np_no_num,5439814,66.8
80,integrated_v2,6936394,85.2
80,np_no_num,6085277,74.7
81,integrated_v2,4385488,53.8
81,np_no_num,4010020,49.2
82,integrated_v2,3083566,37.9
82,np_no_num,3015558,37.0
83,integrated_v2,3639438,44.7
83,np_no_num,3822693,46.9
84,integrated_v2,7034537,86.4
84,np_no_num,7082997,87.0
85,integrated_v2,1114188,13.7
85,np_no_num,1122333,13.8
86,integrated_v2,3244830,39.8
86,np_no_num,3169084,38.9
87,integrated_v2,4790685,58.8
87,np_no_num,4726749,58.0
88,integrated_v2,7289871,89.5
88,np_no_num,7168516,88.0
89,integrated_v2,634876,7.8
89,np_no_num,685780,8.4
90,integrated_v2,582750,7.2
90,np_no_num,577863,7.1
91,integrated_v2,7336296,90.1
91,np_no_num,7355436,90.3
92,integrated_v2,3731065,45.8
92,np_no_num,3729437,45.8
93,integrated_v2,5385244,66.1
93,np_no_num,5541622,68.0
94,integrated_v2,3988029,49.0
94,np_no_num,3564100,43.8
95,integrated_v2,2147338,26.4
95,np_no_num,2776105,34.1
96,integrated_v2,7832713,96.2
96,np_no_num,7596110,93.3
97,integrated_v2,414156,5.1
97,np_no_num,388500,4.8
98,integrated_v2,4041377,49.6
98,np_no_num,4407072,54.1
99,integrated_v2,458544,5.6
99,np_no_num,451621,5.5
100,integrated_v2,8011488,98.4
100,np_no_num,8018003,98.4
101,integrated_v2,7627467,93.6
101,np_no_num,7611585,93.5
102,integrated_v2,2392899,29.4
102,np_no_num,1869605,23.0
103,integrated_v2,3273743,40.2
103,np_no_num,3098226,38.0
104,integrated_v2,3975812,48.8
104,np_no_num,3543331,43.5
105,integrated_v2,7433625,91.3
105,np_no_num,7476791,91.8
106,integrated_v2,3053838,37.5
106,np_no_num,3714369,45.6
107,integrated_v2,6164688,75.7
107,np_no_num,6046590,74.2
108,integrated_v2,3760386,46.2
108,np_no_num,3775047,46.3
109,integrated_v2,6301518,77.4
109,np_no_num,6139439,75.4
110,integrated_v2,4517839,55.5
110,np_no_num,5050906,62.0
111,integrated_v2,4597249,56.4
111,np_no_num,4405850,54.1
112,integrated_v2,7180733,88.2
112,np_no_num,6639114,81.5
113,integrated_v2,7545206,92.6
113,np_no_num,7701176,94.6
114,integrated_v2,7664933,94.1
114,np_no_num,7493488,92.0
115,integrated_v2,4636751,56.9
115,np_no_num,4420510,54.3
116,integrated_v2,6624861,81.3
116,np_no_num,6897706,84.7
117,integrated_v2,2133085,26.2
117,np_no_num,2478418,30.4
118,integrated_v2,3913913,48.1
118,np_no_num,3503015,43.0
119,integrated_v2,6814631,83.7
119,np_no_num,5939081,72.9
120,integrated_v2,5998130,73.6
120,np_no_num,6043332,74.2
121,integrated_v2,4276350,52.5
121,np_no_num,4083322,50.1
122,integrated_v2,2147745,26.4
122,np_no_num,2482897,30.5
123,integrated_v2,4211600,51.7
123,np_no_num,4405850,54.1
124,integrated_v2,317641,3.9
124,np_no_num,324564,4.0
125,integrated_v2,281398,3.5
125,np_no_num,187734,2.3
126,integrated_v2,237009,2.9
126,np_no_num,343704,4.2
127,integrated_v2,3246051,39.9
127,np_no_num,3132026,38.5
128,integrated_v2,2333967,28.7
128,np_no_num,2516416,30.9
129,integrated_v2,5322938,65.4
129,np_no_num,5158416,63.3
130,integrated_v2,7174217,88.1
130,np_no_num,7268288,89.2
131,integrated_v2,1689608,20.7
131,np_no_num,1305588,16.0
132,integrated_v2,746050,9.2
132,np_no_num,756638,9.3
133,integrated_v2,1308031,16.1
133,np_no_num,1097492,13.5
134,integrated_v2,3073792,37.7
134,np_no_num,3858122,47.4
135,integrated_v2,4183908,51.4
135,np_no_num,4767065,58.5
136,integrated_v2,1033556,12.7
136,np_no_num,1163464,14.3
137,integrated_v2,3531929,43.4
137,np_no_num,3736767,45.9
138,integrated_v2,5051721,62.0
138,np_no_num,5307056,65.2
139,integrated_v2,7822125,96.0
139,np_no_num,7654345,94.0
140,integrated_v2,1145545,14.1
140,np_no_num,1099121,13.5
141,integrated_v2,3175600,39.0
141,np_no_num,3618669,44.4
142,integrated_v2,829126,10.2
142,np_no_num,652387,8.0
143,integrated_v2,3757128,46.1
143,np_no_num,2766331,34.0
144,integrated_v2,1107266,13.6
144,np_no_num,1586986,19.5
145,integrated_v2,7647014,93.9
145,np_no_num,7649051,93.9
146,integrated_v2,6519795,80.0
146,np_no_num,6619567,81.3
147,integrated_v2,6666806,81.9
147,np_no_num,7030057,86.3
148,integrated_v2,4883534,60.0
148,np_no_num,3888664,47.7
149,integrated_v2,6902593,84.7
149,np_no_num,7113132,87.3
150,integrated_v2,2554978,31.4
150,np_no_num,3240757,39.8
151,integrated_v2,7536247,92.5
151,np_no_num,6988519,85.8
152,integrated_v2,6468483,79.4
152,np_no_num,6683909,82.1
153,integrated_v2,4136669,50.8
153,np_no_num,4819598,59.2
154,integrated_v2,6340205,77.8
154,np_no_num,6999922,85.9
155,integrated_v2,5423932,66.6
155,np_no_num,4989414,61.3
156,integrated_v2,2416518,29.7
156,np_no_num,2407967,29.6
157,integrated_v2,7913752,97.2
157,np_no_num,7968321,97.8
158,integrated_v2,4939732,60.6
158,np_no_num,5201990,63.9
159,integrated_v2,4212822,51.7
159,np_no_num,4450238,54.6
160,integrated_v2,7186842,88.2
160,np_no_num,7285799,89.5
161,integrated_v2,1569475,19.3
161,np_no_num,1201336,14.7
162,integrated_v2,7939408,97.5
162,np_no_num,7925154,97.3
163,integrated_v2,2199871,27.0
163,np_no_num,2295163,28.2
164,integrated_v2,5614109,68.9
164,np_no_num,5197103,63.8
165,integrated_v2,2748820,33.7
165,np_no_num,3086009,37.9
166,integrated_v2,3331163,40.9
166,np_no_num,4249065,52.2
167,integrated_v2,5854784,71.9
167,np_no_num,4782947,58.7
168,integrated_v2,1382555,17.0
168,np_no_num,1268937,15.6
169,integrated_v2,2879542,35.4
169,np_no_num,2967911,36.4
170,integrated_v2,1759652,21.6
170,np_no_num,1665989,20.5
171,integrated_v2,766005,9.4
171,np_no_num,1127627,13.8
172,integrated_v2,4162325,51.1
172,np_no_num,4576073,56.2
173,integrated_v2,6044961,74.2
173,np_no_num,6436719,79.0
174,integrated_v2,1828067,22.4
174,np_no_num,1781643,21.9
175,integrated_v2,5247600,64.4
175,np_no_num,5075340,62.3
176,integrated_v2,837678,10.3
176,np_no_num,857632,10.5
177,integrated_v2,1389071,17.1
177,np_no_num,1367080,16.8
178,integrated_v2,3149944,38.7
178,np_no_num,3098226,38.0
179,integrated_v2,7287021,89.5
179,np_no_num,7552944,92.7
180,integrated_v2,1207038,14.8
180,np_no_num,1174459,14.4
181,integrated_v2,4975568,61.1
181,np_no_num,5335155,65.5
182,integrated_v2,6426945,78.9
182,np_no_num,6549115,80.4
183,integrated_v2,1514498,18.6
183,np_no_num,1373596,16.9
184,integrated_v2,4714532,57.9
184,np_no_num,4685212,57.5
185,integrated_v2,4828965,59.3
185,np_no_num,3955451,48.6
186,integrated_v2,6905037,84.8
186,np_no_num,6735628,82.7
187,integrated_v2,7483714,91.9
187,np_no_num,7589187,93.2
188,integrated_v2,3647583,44.8
188,np_no_num,3532336,43.4
189,integrated_v2,4986156,61.2
189,np_no_num,5310314,65.2
190,integrated_v2,7870178,96.6
190,np_no_num,7841672,96.3
191,integrated_v2,6029894,74.0
191,np_no_num,6192379,76.0
192,integrated_v2,7065486,86.7
192,np_no_num,7250777,89.0
193,integrated_v2,1470110,18.0
193,np_no_num,1779199,21.8
194,integrated_v2,6255908,76.8
194,np_no_num,6207040,76.2
195,integrated_v2,279769,3.4
195,np_no_num,287099,3.5
196,integrated_v2,6266496,76.9
196,np_no_num,5511894,67.7
197,integrated_v2,1477847,18.1
197,np_no_num,1231879,15.1
198,integrated_v2,8084382,99.3
198,np_no_num,8075423,99.1
199,integrated_v2,6833364,83.9
199,np_no_num,6732370,82.7
200,integrated_v2,4530870,55.6
200,np_no_num,4075177,50.0
201,integrated_v2,4042191,49.6
201,np_no_num,4155402,51.0
202,integrated_v2,5946411,73.0
202,np_no_num,6017269,73.9
203,integrated_v2,3305915,40.6
203,np_no_num,3977441,48.8
204,integrated_v2,1822773,22.4
204,np_no_num,2161591,26.5
205,integrated_v2,5072897,62.3
205,np_no_num,4587883,56.3
206,integrated_v2,2253218,27.7
206,np_no_num,1628523,20.0
207,integrated_v2,4284087,52.6
207,np_no_num,4568336,56.1
208,integrated_v2,6080391,74.7
208,np_no_num,5962700,73.2
209,integrated_v2,2619728,32.2
209,np_no_num,2932075,36.0
210,integrated_v2,881251,10.8
210,np_no_num,708992,8.7
211,integrated_v2,4710460,57.8
211,np_no_num,4473043,54.9
212,integrated_v2,7900313,97.0
212,np_no_num,7797691,95.7
213,integrated_v2,1986074,24.4
213,np_no_num,1729517,21.2
214,integrated_v2,5878403,72.2
214,np_no_num,5845010,71.8
215,integrated_v2,5950483,73.1
215,np_no_num,5160045,63.4
216,integrated_v2,805913,9.9
216,np_no_num,939486,11.5
217,integrated_v2,1396401,17.1
217,np_no_num,754195,9.3
218,integrated_v2,85112,1.0
218,np_no_num,58234,0.7
219,integrated_v2,1634225,20.1
219,np_no_num,1874899,23.0
220,integrated_v2,3924908,48.2
220,np_no_num,3965631,48.7
221,integrated_v2,469946,5.8
221,np_no_num,580714,7.1
222,integrated_v2,7506519,92.2
222,np_no_num,7609549,93.4
223,integrated_v2,2953658,36.3
223,np_no_num,3178858,39.0
224,integrated_v2,3565729,43.8
224,np_no_num,2611176,32.1
225,integrated_v2,3495685,42.9
225,np_no_num,4016943,49.3
226,integrated_v2,6801600,83.5
226,np_no_num,6771057,83.1
227,integrated_v2,6583323,80.8
227,np_no_num,6524274,80.1
228,integrated_v2,153527,1.9
228,np_no_num,153934,1.9
229,integrated_v2,2336701,28.7
229,np_no_num,2339144,28.7
230,integrated_v2,2914157,35.8
230,np_no_num,3364149,41.3
231,integrated_v2,2041457,25.1
231,np_no_num,2176658,26.7
232,integrated_v2,7200688,88.4
232,np_no_num,6834993,83.9
233,integrated_v2,2325706,28.6
233,np_no_num,2629094,32.3
234,integrated_v2,5802658,71.2
234,np_no_num,5324567,65.4
235,integrated_v2,7723167,94.8
235,np_no_num,6857390,84.2
236,integrated_v2,6121114,75.2
236,np_no_num,6025007,74.0
237,integrated_v2,7384349,90.7
237,np_no_num,7321228,89.9
238,integrated_v2,3742468,45.9
238,np_no_num,4339471,53.3
239,integrated_v2,6984447,85.8
239,np_no_num,6785310,83.3
240,integrated_v2,5570128,68.4
240,np_no_num,4808603,59.0
241,integrated_v2,7481271,91.9
241,np_no_num,7571269,93.0
242,integrated_v2,2639275,32.4
242,np_no_num,3015965,37.0
243,integrated_v2,6544228,80.3
243,np_no_num,6685945,82.1
244,integrated_v2,1200522,14.7
244,np_no_num,1107266,13.6
245,integrated_v2,6940466,85.2
245,np_no_num,7227565,88.7
246,integrated_v2,2231635,27.4
246,np_no_num,1791416,22.0
247,integrated_v2,6884675,84.5
247,np_no_num,6959606,85.4
248,integrated_v2,4333770,53.2
248,np_no_num,4525169,55.6
249,integrated_v2,6207040,76.2
249,np_no_num,5904466,72.5
250,integrated_v2,4799237,58.9
250,np_no_num,4154587,51.0
251,integrated_v2,2977278,36.6
251,np_no_num,3525820,43.3
252,integrated_v2,5331082,65.5
252,np_no_num,5339227,65.6
253,integrated_v2,3078272,37.8
253,np_no_num,3718441,45.7
254,integrated_v2,530624,6.5
254,np_no_num,441033,5.4
255,integrated_v2,7536654,92.5
255,np_no_num,7222271,88.7
256,integrated_v2,1161427,14.3
256,np_no_num,899170,11.0
257,integrated_v2,2363171,29.0
257,np_no_num,3037548,37.3
258,integrated_v2,6574364,80.7
258,np_no_num,5935823,72.9
259,integrated_v2,5484202,67.3
259,np_no_num,5397461,66.3
260,integrated_v2,3936718,48.3
260,np_no_num,4881905,59.9
261,integrated_v2,3726586,45.8
261,np_no_num,3495278,42.9
262,integrated_v2,6571513,80.7
262,np_no_num,6894041,84.6
263,integrated_v2,3084380,37.9
263,np_no_num,3496907,42.9
264,integrated_v2,2941849,36.1
264,np_no_num,3217545,39.5
265,integrated_v2,5129502,63.0
265,np_no_num,5537549,68.0
266,integrated_v2,1521421,18.7
266,np_no_num,1949423,23.9
267,integrated_v2,5865372,72.0
267,np_no_num,5866186,72.0
268,integrated_v2,2208015,27.1
268,np_no_num,2142451,26.3
269,integrated_v2,3379624,41.5
269,np_no_num,3484690,42.8
270,integrated_v2,5300133,65.1
270,np_no_num,4758513,58.4
271,integrated_v2,5645059,69.3
271,np_no_num,5840123,71.7
272,integrated_v2,7915381,97.2
272,np_no_num,7819274,96.0
273,integrated_v2,441847,5.4
273,np_no_num,388093,4.8
274,integrated_v2,100586,1.2
274,np_no_num,90406,1.1
275,integrated_v2,7471090,91.7
275,np_no_num,6983225,85.7
276,integrated_v2,3942012,48.4
276,np_no_num,3727400,45.8
277,integrated_v2,5353480,65.7
277,np_no_num,5050906,62.0
278,integrated_v2,1174052,14.4
278,np_no_num,1237580,15.2
279,integrated_v2,761118,9.3
279,np_no_num,857632,10.5
280,integrated_v2,6353644,78.0
280,np_no_num,6255908,76.8
281,integrated_v2,5276921,64.8
281,np_no_num,4810232,59.1
282,integrated_v2,1351605,16.6
282,np_no_num,1501060,18.4
283,integrated_v2,4182686,51.4
283,np_no_num,3999432,49.1
284,integrated_v2,6016455,73.9
284,np_no_num,6479071,79.5
285,integrated_v2,5294024,65.0
285,np_no_num,4560191,56.0
286,integrated_v2,2472309,30.4
286,np_no_num,2279688,28.0
287,integrated_v2,553429,6.8
287,np_no_num,778629,9.6
288,integrated_v2,6658254,81.7
288,np_no_num,7008474,86.0
289,integrated_v2,6033966,74.1
289,np_no_num,6714859,82.4
290,integrated_v2,2428735,29.8
290,np_no_num,2599366,31.9
291,integrated_v2,6712416,82.4
291,np_no_num,6445271,79.1
292,integrated_v2,5523296,67.8
292,np_no_num,4731229,58.1
293,integrated_v2,5341671,65.6
293,np_no_num,4932809,60.6
294,integrated_v2,3354782,41.2
294,np_no_num,3479803,42.7
295,integrated_v2,7152227,87.8
295,np_no_num,7050011,86.6
296,integrated_v2,1346718,16.5
296,np_no_num,1376854,16.9
297,integrated_v2,3470844,42.6
297,np_no_num,3759164,46.2
298,integrated_v2,756231,9.3
298,np_no_num,551800,6.8
299,integrated_v2,2206794,27.1
299,np_no_num,2892166,35.5
300,integrated_v2,4540237,55.7
300,np_no_num,4698650,57.7
301,integrated_v2,1696124,20.8
301,np_no_num,1347126,16.5
302,integrated_v2,5623883,69.0
302,np_no_num,5280993,64.8
303,integrated_v2,950888,11.7
303,np_no_num,1088940,13.4
304,integrated_v2,2841262,34.9
304,np_no_num,3257861,40.0
305,integrated_v2,96514,1.2
305,np_no_num,83483,1.0
306,integrated_v2,7616065,93.5
306,np_no_num,7625024,93.6
307,integrated_v2,6520609,80.1
307,np_no_num,6542600,80.3
308,integrated_v2,7462131,91.6
308,np_no_num,7436068,91.3
309,integrated_v2,2086253,25.6
309,np_no_num,2205979,27.1
310,integrated_v2,6727483,82.6
310,np_no_num,6697755,82.2
311,integrated_v2,1691237,20.8
311,np_no_num,1799561,22.1
312,integrated_v2,2339959,28.7
312,np_no_num,1686350,20.7
313,integrated_v2,3577131,43.9
313,np_no_num,3373515,41.4
314,integrated_v2,4193274,51.5
314,np_no_num,3958708,48.6
315,integrated_v2,5347372,65.7
315,np_no_num,5445922,66.9
316,integrated_v2,6850875,84.1
316,np_no_num,6837029,83.9
317,integrated_v2,4142370,50.9
317,np_no_num,3578760,43.9
318,integrated_v2,961883,11.8
318,np_no_num,1365451,16.8
319,integrated_v2,6640335,81.5
319,np_no_num,6866757,84.3
320,integrated_v2,1972635,24.2
320,np_no_num,1661916,20.4
321,integrated_v2,4644895,57.0
321,np_no_num,4352502,53.4
322,integrated_v2,3196776,39.2
322,np_no_num,3433378,42.2
323,integrated_v2,4838738,59.4
323,np_no_num,5095702,62.6
324,integrated_v2,3039177,37.3
324,np_no_num,3316503,40.7
325,integrated_v2,1002200,12.3
325,np_no_num,1245317,15.3
326,integrated_v2,4941768,60.7
326,np_no_num,4322367,53.1
327,integrated_v2,3777897,46.4
327,np_no_num,4044635,49.7
328,integrated_v2,6477850,79.5
328,np_no_num,6319843,77.6
329,integrated_v2,2050416,25.2
329,np_no_num,2133492,26.2
330,integrated_v2,3290440,40.4
330,np_no_num,2550905,31.3
331,integrated_v2,5668271,69.6
331,np_no_num,5927271,72.8
332,integrated_v2,1478662,18.2
332,np_no_num,1450155,17.8
333,integrated_v2,1289706,15.8
333,np_no_num,1613456,19.8
334,integrated_v2,5707773,70.1
334,np_no_num,4614353,56.7
335,integrated_v2,5994057,73.6
335,np_no_num,6147991,75.5
336,integrated_v2,5727727,70.3
336,np_no_num,5956592,73.1
337,integrated_v2,577456,7.1
337,np_no_num,542434,6.7
338,integrated_v2,1564588,19.2
338,np_no_num,1636261,20.1
339,integrated_v2,4048707,49.7
339,np_no_num,4043820,49.6
340,integrated_v2,7270732,89.3
340,np_no_num,7230415,88.8
341,integrated_v2,4412773,54.2
341,np_no_num,4694578,57.6
342,integrated_v2,6878566,84.5
342,np_no_num,6453416,79.2
343,integrated_v2,4526798,55.6
343,np_no_num,4215265,51.8
344,integrated_v2,1050660,12.9
344,np_no_num,1424907,17.5
345,integrated_v2,7332631,90.0
345,np_no_num,7559867,92.8
346,integrated_v2,3481432,42.7
346,np_no_num,3449260,42.3
347,integrated_v2,2522399,31.0
347,np_no_num,3006191,36.9
348,integrated_v2,6434683,79.0
348,np_no_num,6965714,85.5
349,integrated_v2,7464167,91.6
349,np_no_num,7088699,87.0
350,integrated_v2,5018735,61.6
350,np_no_num,5748903,70.6
351,integrated_v2,5701664,70.0
351,np_no_num,6329617,77.7
352,integrated_v2,559945,6.9
352,np_no_num,886138,10.9
353,integrated_v2,7375798,90.6
353,np_no_num,7327337,90.0
354,integrated_v2,4526798,55.6
354,np_no_num,3501386,43.0
355,integrated_v2,5914647,72.6
355,np_no_num,6579251,80.8
356,integrated_v2,7273989,89.3
356,np_no_num,7364802,90.4
357,integrated_v2,414970,5.1
357,np_no_num,333931,4.1
358,integrated_v2,3075421,37.8
358,np_no_num,2882393,35.4
359,integrated_v2,6903000,84.8
359,np_no_num,6879381,84.5
360,integrated_v2,2797688,34.3
360,np_no_num,3471251,42.6
361,integrated_v2,7757782,95.2
361,np_no_num,7892576,96.9
362,integrated_v2,7303717,89.7
362,np_no_num,7304125,89.7
363,integrated_v2,2640496,32.4
363,np_no_num,2511404,30.8
364,integrated_v2,7614029,93.5
364,np_no_num,7525659,92.4
365,integrated_v2,5740351,70.5
365,np_no_num,6003016,73.7
366,integrated_v2,7344033,90.2
366,np_no_num,7368060,90.5
367,integrated_v2,7442991,91.4
367,np_no_num,7627875,93.7
368,integrated_v2,5697592,70.0
368,np_no_num,5444700,66.8
369,integrated_v2,106695,1.3
369,np_no_num,63528,0.8
370,integrated_v2,4135447,50.8
370,np_no_num,3231798,39.7
371,integrated_v2,4963759,60.9
371,np_no_num,5149457,63.2
372,integrated_v2,4069476,50.0
372,np_no_num,3211437,39.4
373,integrated_v2,5122987,62.9
373,np_no_num,5334340,65.5
374,integrated_v2,3576724,43.9
374,np_no_num,3481432,42.7
375,integrated_v2,4225853,51.9
375,np_no_num,4045042,49.7
376,integrated_v2,1183011,14.5
376,np_no_num,1325542,16.3
377,integrated_v2,3711518,45.6
377,np_no_num,4075991,50.0
378,integrated_v2,1834176,22.5
378,np_no_num,1875714,23.0
379,integrated_v2,7169331,88.0
379,np_no_num,6546265,80.4
380,integrated_v2,3470029,42.6
380,np_no_num,3670388,45.1
381,integrated_v2,1064506,13.1
381,np_no_num,819352,10.1
382,integrated_v2,4515395,55.4
382,np_no_num,5072490,62.3
383,integrated_v2,5608001,68.9
383,np_no_num,6222922,76.4
384,integrated_v2,1797932,22.1
384,np_no_num,1475811,18.1
385,integrated_v2,3549847,43.6
385,np_no_num,3544146,43.5
386,integrated_v2,6839879,84.0
386,np_no_num,6988927,85.8
387,integrated_v2,2618913,32.2
387,np_no_num,2291498,28.1
388,integrated_v2,2544797,31.2
388,np_no_num,3064018,37.6
389,integrated_v2,1290927,15.8
389,np_no_num,919531,11.3
390,integrated_v2,6422873,78.9
390,np_no_num,6459117,79.3
391,integrated_v2,7883209,96.8
391,np_no_num,7917824,97.2
392,integrated_v2,2074443,25.5
392,np_no_num,1566217,19.2
393,integrated_v2,6087721,74.7
393,np_no_num,6192787,76.0
394,integrated_v2,4059702,49.8
394,np_no_num,3784413,46.5
395,integrated_v2,4319109,53.0
395,np_no_num,3976219,48.8
396,integrated_v2,4837924,59.4
396,np_no_num,4369606,53.6
397,integrated_v2,6324323,77.6
397,np_no_num,6161430,75.6
398,integrated_v2,4679510,57.5
398,np_no_num,5069639,62.2
399,integrated_v2,3431342,42.1
399,np_no_num,2923523,35.9
400,integrated_v2,3633330,44.6
400,np_no_num,3648397,44.8
401,integrated_v2,4016943,49.3
401,np_no_num,3739617,45.9
402,integrated_v2,3593421,44.1
402,np_no_num,3793779,46.6
403,integrated_v2,220720,2.7
403,np_no_num,175924,2.2
404,integrated_v2,3377180,41.5
404,np_no_num,4220559,51.8
405,integrated_v2,2680405,32.9
405,np_no_num,2360728,29.0
406,integrated_v2,3426048,42.1
406,np_no_num,4067032,49.9
407,integrated_v2,7316342,89.8
407,np_no_num,6490067,79.7
408,integrated_v2,6604499,81.1
408,np_no_num,6962456,85.5
409,integrated_v2,4669737,57.3
409,np_no_num,4469378,54.9
410,integrated_v2,3870746,47.5
410,np_no_num,3982328,48.9
411,integrated_v2,78189,1.0
411,np_no_num,53755,0.7
412,integrated_v2,2548462,31.3
412,np_no_num,1877750,23.1
413,integrated_v2,803877,9.9
413,np_no_num,1099935,13.5
414,integrated_v2,7944294,97.5
414,np_no_num,7763076,95.3
415,integrated_v2,1539339,18.9
415,np_no_num,1398030,17.2
416,integrated_v2,5072897,62.3
416,np_no_num,4957650,60.9
417,integrated_v2,5938266,72.9
417,np_no_num,6117856,75.1
418,integrated_v2,2752485,33.8
418,np_no_num,2597737,31.9
419,integrated_v2,8118590,99.7
419,np_no_num,8107187,99.5
420,integrated_v2,2456020,30.2
420,np_no_num,2118424,26.0
421,integrated_v2,6795084,83.4
421,np_no_num,7082183,87.0
422,integrated_v2,4122416,50.6
422,np_no_num,4360647,53.5
423,integrated_v2,2175030,26.7
423,np_no_num,2350140,28.9
424,integrated_v2,4355760,53.5
424,np_no_num,5044391,61.9
425,integrated_v2,7603033,93.3
425,np_no_num,7585115,93.1
426,integrated_v2,4191646,51.5
426,np_no_num,4916520,60.4
427,integrated_v2,3836946,47.1
427,np_no_num,3456998,42.4
428,integrated_v2,114025,1.4
428,np_no_num,116876,1.4
429,integrated_v2,2504073,30.7
429,np_no_num,2978907,36.6
430,integrated_v2,7909680,97.1
430,np_no_num,7806242,95.8
431,integrated_v2,3343380,41.0
431,np_no_num,3263562,40.1
432,integrated_v2,1517756,18.6
432,np_no_num,1490879,18.3
433,integrated_v2,7827419,96.1
433,np_no_num,7666154,94.1
434,integrated_v2,952110,11.7
434,np_no_num,1156948,14.2
435,integrated_v2,5999351,73.7
435,np_no_num,6526717,80.1
436,integrated_v2,1282376,15.7
436,np_no_num,1761281,21.6
437,integrated_v2,6703456,82.3
437,np_no_num,6585359,80.9
438,integrated_v2,7499596,92.1
438,np_no_num,7677557,94.3
439,integrated_v2,238638,2.9
439,np_no_num,168187,2.1
440,integrated_v2,134794,1.7
440,np_no_num,201580,2.5
441,integrated_v2,5052943,62.0
441,np_no_num,5081449,62.4
442,integrated_v2,7306975,89.7
442,np_no_num,6558889,80.5
443,integrated_v2,4424990,54.3
443,np_no_num,3361298,41.3
444,integrated_v2,7728868,94.9
444,np_no_num,7519958,92.3
445,integrated_v2,4418881,54.3
445,np_no_num,3851606,47.3
446,integrated_v2,4557748,56.0
446,np_no_num,5363254,65.8
447,integrated_v2,267959,3.3
447,np_no_num,246376,3.0
448,integrated_v2,2267879,27.8
448,np_no_num,2706875,33.2
449,integrated_v2,5051721,62.0
449,np_no_num,5706551,70.1
450,integrated_v2,4210785,51.7
450,np_no_num,4494627,55.2
451,integrated_v2,926047,11.4
451,np_no_num,673970,8.3
452,integrated_v2,6750288,82.9
452,np_no_num,6758840,83.0
453,integrated_v2,7357472,90.3
453,np_no_num,7449099,91.5
454,integrated_v2,5820169,71.5
454,np_no_num,5349815,65.7
455,integrated_v2,810800,10.0
455,np_no_num,1062063,13.0
456,integrated_v2,6234324,76.5
456,np_no_num,6246541,76.7
457,integrated_v2,7821310,96.0
457,np_no_num,7784659,95.6
458,integrated_v2,6170389,75.8
458,np_no_num,5660126,69.5
459,integrated_v2,7921082,97.3
459,np_no_num,7897055,97.0
460,integrated_v2,227236,2.8
460,np_no_num,282212,3.5
461,integrated_v2,1069800,13.1
461,np_no_num,1307624,16.1
462,integrated_v2,2563122,31.5
462,np_no_num,3077050,37.8
463,integrated_v2,539176,6.6
463,np_no_num,222756,2.7
464,integrated_v2,4106941,50.4
464,np_no_num,3943234,48.4
465,integrated_v2,462209,5.7
465,np_no_num,533475,6.5
466,integrated_v2,7232452,88.8
466,np_no_num,7583079,93.1
467,integrated_v2,743200,9.1
467,np_no_num,648314,8.0
468,integrated_v2,4511730,55.4
468,np_no_num,4820006,59.2
469,integrated_v2,6456266,79.3
469,np_no_num,6894856,84.7
470,integrated_v2,728132,8.9
470,np_no_num,952924,11.7
471,integrated_v2,7865291,96.6
471,np_no_num,7976873,97.9
472,integrated_v2,1918066,23.5
472,np_no_num,1870827,23.0
473,integrated_v2,7645793,93.9
473,np_no_num,7762669,95.3
474,integrated_v2,3435007,42.2
474,np_no_num,3116144,38.3
475,integrated_v2,5695556,69.9
475,np_no_num,5307463,65.2
476,integrated_v2,5430447,66.7
476,np_no_num,5237826,64.3
477,integrated_v2,7342812,90.2
477,np_no_num,7610771,93.4
478,integrated_v2,4218930,51.8
478,np_no_num,4668515,57.3
479,integrated_v2,997313,12.2
479,np_no_num,1217218,14.9
480,integrated_v2,939893,11.5
480,np_no_num,941929,11.6
481,integrated_v2,4212822,51.7
481,np_no_num,4194903,51.5
482,integrated_v2,4153366,51.0
482,np_no_num,5005704,61.5
483,integrated_v2,58234,0.7
483,np_no_num,50090,0.6
484,integrated_v2,6382557,78.4
484,np_no_num,6581287,80.8
485,integrated_v2,5835644,71.6
485,np_no_num,5765192,70.8
486,integrated_v2,2341588,28.7
486,np_no_num,2058968,25.3
487,integrated_v2,4055630,49.8
487,np_no_num,4417252,54.2
488,integrated_v2,4981270,61.2
488,np_no_num,5977361,73.4
489,integrated_v2,6705493,82.3
489,np_no_num,6302740,77.4
490,integrated_v2,2803797,34.4
490,np_no_num,2650677,32.5
491,integrated_v2,4928737,60.5
491,np_no_num,4679917,57.5
492,integrated_v2,7192543,88.3
492,np_no_num,6738886,82.7
493,integrated_v2,6737257,82.7
493,np_no_num,6178941,75.9
494,integrated_v2,5902430,72.5
494,np_no_num,5781075,71.0
495,integrated_v2,309904,3.8
495,np_no_num,342890,4.2
496,integrated_v2,6618345,81.3
496,np_no_num,6664362,81.8
497,integrated_v2,6090164,74.8
497,np_no_num,5558726,68.2
498,integrated_v2,6161837,75.7
498,np_no_num,6558482,80.5
499,integrated_v2,3834095,47.1
499,np_no_num,4408701,54.1
500,integrated_v2,1737662,21.3
500,np_no_num,1399251,17.2
501,integrated_v2,395016,4.8
501,np_no_num,460580,5.7
502,integrated_v2,2460907,30.2
502,np_no_num,2852665,35.0
503,integrated_v2,5315608,65.3
503,np_no_num,5528998,67.9
504,integrated_v2,6401697,78.6
504,np_no_num,6367490,78.2
505,integrated_v2,771299,9.5
505,np_no_num,958626,11.8
506,integrated_v2,7211276,88.5
506,np_no_num,6973452,85.6
507,integrated_v2,2705246,33.2
507,np_no_num,2211273,27.1
508,integrated_v2,2139600,26.3
508,np_no_num,2391270,29.4
509,integrated_v2,6205818,76.2
509,np_no_num,6099530,74.9
510,integrated_v2,6363010,78.1
510,np_no_num,5496012,67.5
511,integrated_v2,6755989,82.9
511,np_no_num,6895263,84.7
512,integrated_v2,6211519,76.3
512,np_no_num,5534292,67.9
513,integrated_v2,6060029,74.4
513,np_no_num,5414972,66.5
514,integrated_v2,894690,11.0
514,np_no_num,1215182,14.9
515,integrated_v2,3184966,39.1
515,np_no_num,3907397,48.0
516,integrated_v2,6061251,74.4
516,np_no_num,5473207,67.2
517,integrated_v2,6146769,75.5
517,np_no_num,6820332,83.7
518,integrated_v2,3735138,45.9
518,np_no_num,3221617,39.6
519,integrated_v2,4121194,50.6
519,np_no_num,4097575,50.3
520,integrated_v2,611256,7.5
520,np_no_num,592116,7.3
521,integrated_v2,909350,11.2
521,np_no_num,1167129,14.3
522,integrated_v2,3135284,38.5
522,np_no_num,3326276,40.8
523,integrated_v2,4588697,56.3
523,np_no_num,3371886,41.4
524,integrated_v2,7990719,98.1
524,np_no_num,8022483,98.5
525,integrated_v2,3235056,39.7
525,np_no_num,2529322,31.1
526,integrated_v2,1457486,17.9
526,np_no_num,1179753,14.5
527,integrated_v2,1126813,13.8
527,np_no_num,1112560,13.7
528,integrated_v2,687409,8.4
528,np_no_num,916273,11.2
529,integrated_v2,2952437,36.2
529,np_no_num,2839226,34.9
530,integrated_v2,5603114,68.8
530,np_no_num,5708180,70.1
531,integrated_v2,6821961,83.8
531,np_no_num,6762098,83.0
532,integrated_v2,6554409,80.5
532,np_no_num,6503098,79.8
533,integrated_v2,7677964,94.3
533,np_no_num,7725203,94.8
534,integrated_v2,3195555,39.2
534,np_no_num,3405687,41.8
535,integrated_v2,6371969,78.2
535,np_no_num,6159801,75.6
536,integrated_v2,2007657,24.6
536,np_no_num,1724223,21.2
537,integrated_v2,4100018,50.3
537,np_no_num,4377344,53.7
538,integrated_v2,2311045,28.4
538,np_no_num,2368465,29.1
539,integrated_v2,1220476,15.0
539,np_no_num,1312511,16.1
540,integrated_v2,5450809,66.9
540,np_no_num,5612887,68.9
541,integrated_v2,6786939,83.3
541,np_no_num,7138381,87.6
542,integrated_v2,4681139,57.5
542,np_no_num,4446980,54.6
543,integrated_v2,5218279,64.1
543,np_no_num,5249636,64.5
544,integrated_v2,3273743,40.2
544,np_no_num,3924908,48.2
545,integrated_v2,489494,6.0
545,np_no_num,394201,4.8
546,integrated_v2,1887116,23.2
546,np_no_num,1931912,23.7
547,integrated_v2,3375144,41.4
547,np_no_num,3997803,49.1
548,integrated_v2,1454635,17.9
548,np_no_num,1883858,23.1
549,integrated_v2,359179,4.4
549,np_no_num,191807,2.4
550,integrated_v2,3596271,44.2
550,np_no_num,3888257,47.7
551,integrated_v2,5913425,72.6
551,np_no_num,6142290,75.4
552,integrated_v2,4102462,50.4
552,np_no_num,3827172,47.0
553,integrated_v2,3754278,46.1
553,np_no_num,3985179,48.9
554,integrated_v2,4573223,56.1
554,np_no_num,4016128,49.3
555,integrated_v2,2658415,32.6
555,np_no_num,2194169,26.9
556,integrated_v2,3371072,41.4
556,np_no_num,2449097,30.1
557,integrated_v2,7138788,87.6
557,np_no_num,7137566,87.6
558,integrated_v2,1932319,23.7
558,np_no_num,1720558,21.1
559,integrated_v2,5798178,71.2
559,np_no_num,5214614,64.0
560,integrated_v2,5713067,70.1
560,np_no_num,5988356,73.5
561,integrated_v2,674377,8.3
561,np_no_num,567275,7.0
562,integrated_v2,2723165,33.4
562,np_no_num,3127954,38.4
563,integrated_v2,6525089,80.1
563,np_no_num,5541215,68.0
564,integrated_v2,1009530,12.4
564,np_no_num,606369,7.4
565,integrated_v2,5408864,66.4
565,np_no_num,6252650,76.8
566,integrated_v2,6828070,83.8
566,np_no_num,6709158,82.4
567,integrated_v2,6252243,76.8
567,np_no_num,6139846,75.4
568,integrated_v2,74116,0.9
568,np_no_num,83890,1.0
569,integrated_v2,6063694,74.4
569,np_no_num,5942339,73.0
570,integrated_v2,604740,7.4
570,np_no_num,903242,11.1
571,integrated_v2,731797,9.0
571,np_no_num,655237,8.0
572,integrated_v2,6080798,74.7
572,np_no_num,6029894,74.0
573,integrated_v2,1034371,12.7
573,np_no_num,815280,10.0
574,integrated_v2,3895995,47.8
574,np_no_num,3606859,44.3
575,integrated_v2,3508309,43.1
575,np_no_num,4231554,52.0
576,integrated_v2,8065650,99.0
576,np_no_num,8102301,99.5
577,integrated_v2,1305995,16.0
577,np_no_num,1191563,14.6
578,integrated_v2,621437,7.6
578,np_no_num,722023,8.9
579,integrated_v2,3625592,44.5
579,np_no_num,3407723,41.8
580,integrated_v2,7938186,97.5
580,np_no_num,7792804,95.7
581,integrated_v2,3121438,38.3
581,np_no_num,2696695,33.1
582,integrated_v2,5722026,70.3
582,np_no_num,5976953,73.4
583,integrated_v2,5009776,61.5
583,np_no_num,5490718,67.4
584,integrated_v2,5926864,72.8
584,np_no_num,5839716,71.7
585,integrated_v2,6075911,74.6
585,np_no_num,5536735,68.0
586,integrated_v2,3077864,37.8
586,np_no_num,3499757,43.0
587,integrated_v2,3649619,44.8
587,np_no_num,3527449,43.3
588,integrated_v2,7266659,89.2
588,np_no_num,7308604,89.7
589,integrated_v2,7844930,96.3
589,np_no_num,7691403,94.4
590,integrated_v2,3416682,41.9
590,np_no_num,3512789,43.1
591,integrated_v2,7060599,86.7
591,np_no_num,7162408,87.9
592,integrated_v2,7164851,88.0
592,np_no_num,7278062,89.4
593,integrated_v2,7285392,89.4
593,np_no_num,7401453,90.9
594,integrated_v2,7242632,88.9
594,np_no_num,7397788,90.8
595,integrated_v2,6073468,74.6
595,np_no_num,5654425,69.4
596,integrated_v2,689852,8.5
596,np_no_num,783108,9.6
597,integrated_v2,7541541,92.6
597,np_no_num,7756153,95.2
598,integrated_v2,7492673,92.0
598,np_no_num,7764297,95.3
599,integrated_v2,1892003,23.2
599,np_no_num,2419776,29.7
600,integrated_v2,4023458,49.4
600,np_no_num,3962374,48.6
601,integrated_v2,1217626,14.9
601,np_no_num,1448934,17.8
602,integrated_v2,4721862,58.0
602,np_no_num,4521504,55.5
603,integrated_v2,1851280,22.7
603,np_no_num,1807298,22.2
604,integrated_v2,1775127,21.8
604,np_no_num,2116795,26.0
605,integrated_v2,3212251,39.4
605,np_no_num,2886058,35.4
606,integrated_v2,1894853,23.3
606,np_no_num,1573140,19.3
607,integrated_v2,4324403,53.1
607,np_no_num,4294268,52.7
608,integrated_v2,7003994,86.0
608,np_no_num,6888747,84.6
609,integrated_v2,2703617,33.2
609,np_no_num,2552941,31.3
610,integrated_v2,7762669,95.3
610,np_no_num,7783030,95.6
611,integrated_v2,3460663,42.5
611,np_no_num,3334828,40.9
612,integrated_v2,8017189,98.4
612,np_no_num,8041623,98.7
613,integrated_v2,3231798,39.7
613,np_no_num,3016779,37.0
614,integrated_v2,7046346,86.5
614,np_no_num,7001144,86.0
615,integrated_v2,6687574,82.1
615,np_no_num,6191565,76.0
616,integrated_v2,3863009,47.4
616,np_no_num,4003911,49.2
617,integrated_v2,3074199,37.7
617,np_no_num,2462129,30.2
618,integrated_v2,992833,12.2
618,np_no_num,1086089,13.3
619,integrated_v2,4139520,50.8
619,np_no_num,4125267,50.6
620,integrated_v2,6071839,74.5
620,np_no_num,6557260,80.5
621,integrated_v2,7312269,89.8
621,np_no_num,6678208,82.0
622,integrated_v2,2342809,28.8
622,np_no_num,2643347,32.5
623,integrated_v2,4304856,52.9
623,np_no_num,4220559,51.8
624,integrated_v2,7588780,93.2
624,np_no_num,7587559,93.2
625,integrated_v2,3448039,42.3
625,np_no_num,3455776,42.4
626,integrated_v2,946409,11.6
626,np_no_num,1022561,12.6
627,integrated_v2,2259734,27.7
627,np_no_num,2284168,28.0
628,integrated_v2,4088208,50.2
628,np_no_num,3929388,48.2
629,integrated_v2,4050336,49.7
629,np_no_num,4259653,52.3
630,integrated_v2,1352420,16.6
630,np_no_num,1530787,18.8
631,integrated_v2,3133248,38.5
631,np_no_num,3450482,42.4
632,integrated_v2,5475243,67.2
632,np_no_num,5810395,71.3
633,integrated_v2,5029730,61.8
633,np_no_num,5306241,65.1
634,integrated_v2,3332385,40.9
634,np_no_num,1953902,24.0
635,integrated_v2,1360157,16.7
635,np_no_num,847858,10.4
636,integrated_v2,2820086,34.6
636,np_no_num,2316339,28.4
637,integrated_v2,2582262,31.7
637,np_no_num,2995196,36.8
638,integrated_v2,6471741,79.5
638,np_no_num,6794677,83.4
639,integrated_v2,8095378,99.4
639,np_no_num,8107595,99.5
640,integrated_v2,3296548,40.5
640,np_no_num,3088860,37.9
641,integrated_v2,4642045,57.0
641,np_no_num,4463677,54.8
642,integrated_v2,70044,0.9
642,np_no_num,105473,1.3
643,integrated_v2,5183664,63.6
643,np_no_num,5017921,61.6
644,integrated_v2,1863904,22.9
644,np_no_num,2221047,27.3
645,integrated_v2,625509,7.7
645,np_no_num,728539,8.9
646,integrated_v2,6119485,75.1
646,np_no_num,5714288,70.2
647,integrated_v2,7310640,89.8
647,np_no_num,7672670,94.2
648,integrated_v2,3110850,38.2
648,np_no_num,2530544,31.1
649,integrated_v2,6322694,77.6
649,np_no_num,6304776,77.4
650,integrated_v2,5925235,72.7
650,np_no_num,5493568,67.4
651,integrated_v2,775371,9.5
651,np_no_num,722838,8.9
652,integrated_v2,6530790,80.2
652,np_no_num,6609386,81.1
653,integrated_v2,1614270,19.8
653,np_no_num,1746214,21.4
654,integrated_v2,5619403,69.0
654,np_no_num,5666642,69.6
655,integrated_v2,6146769,75.5
655,np_no_num,6186678,76.0
656,integrated_v2,6174868,75.8
656,np_no_num,6157765,75.6
657,integrated_v2,5702886,70.0
657,np_no_num,5806730,71.3
658,integrated_v2,2012951,24.7
658,np_no_num,2028426,24.9
659,integrated_v2,4753219,58.4
659,np_no_num,4231554,52.0
660,integrated_v2,5718768,70.2
660,np_no_num,5057829,62.1
661,integrated_v2,1068986,13.1
661,np_no_num,1227806,15.1
662,integrated_v2,3726993,45.8
662,np_no_num,3806811,46.7
663,integrated_v2,6462782,79.3
663,np_no_num,6526717,80.1
664,integrated_v2,6706307,82.3
664,np_no_num,6817482,83.7
665,integrated_v2,6107675,75.0
665,np_no_num,6549523,80.4
666,integrated_v2,7971172,97.9
666,np_no_num,7805428,95.8
667,integrated_v2,7397381,90.8
667,np_no_num,7193765,88.3
668,integrated_v2,1849243,22.7
668,np_no_num,1613048,19.8
669,integrated_v2,4508473,55.4
669,np_no_num,5202804,63.9
670,integrated_v2,730575,9.0
670,np_no_num,687409,8.4
671,integrated_v2,1874899,23.0
671,np_no_num,1865125,22.9
672,integrated_v2,829126,10.2
672,np_no_num,930934,11.4
673,integrated_v2,5708994,70.1
673,np_no_num,5989170,73.5
674,integrated_v2,6828477,83.8
674,np_no_num,7348513,90.2
675,integrated_v2,5598227,68.7
675,np_no_num,4587476,56.3
676,integrated_v2,3001712,36.9
676,np_no_num,2355434,28.9
677,integrated_v2,4317480,53.0
677,np_no_num,4632678,56.9
678,integrated_v2,1143509,14.0
678,np_no_num,1248575,15.3
679,integrated_v2,4776024,58.6
679,np_no_num,4832630,59.3
680,integrated_v2,1578434,19.4
680,np_no_num,1833769,22.5
681,integrated_v2,4659149,57.2
681,np_no_num,3940790,48.4
682,integrated_v2,3789300,46.5
682,np_no_num,3090081,37.9
683,integrated_v2,87962,1.1
683,np_no_num,123799,1.5
684,integrated_v2,1257534,15.4
684,np_no_num,1492100,18.3
685,integrated_v2,7518736,92.3
685,np_no_num,7596925,93.3
686,integrated_v2,5999351,73.7
686,np_no_num,6096273,74.8
687,integrated_v2,6735628,82.7
687,np_no_num,6476221,79.5
688,integrated_v2,2769589,34.0
688,np_no_num,2431993,29.9
689,integrated_v2,2027204,24.9
689,np_no_num,2576968,31.6
690,integrated_v2,7101730,87.2
690,np_no_num,6885897,84.5
691,integrated_v2,5940710,72.9
691,np_no_num,5578273,68.5
692,integrated_v2,1120704,13.8
692,np_no_num,1041294,12.8
693,integrated_v2,6338169,77.8
693,np_no_num,6441199,79.1
694,integrated_v2,3182930,39.1
694,np_no_num,2938183,36.1
695,integrated_v2,6845173,84.0
695,np_no_num,6876530,84.4
696,integrated_v2,5381172,66.1
696,np_no_num,5409678,66.4
697,integrated_v2,3079086,37.8
697,np_no_num,2372537,29.1
698,integrated_v2,1766575,21.7
698,np_no_num,1788159,22.0
699,integrated_v2,6206225,76.2
699,np_no_num,6236768,76.6
700,integrated_v2,5189366,63.7
700,np_no_num,5175520,63.5
701,integrated_v2,3130805,38.4
701,np_no_num,3370665,41.4
702,integrated_v2,6428574,78.9
702,np_no_num,6398439,78.6
703,integrated_v2,3336457,41.0
703,np_no_num,3642289,44.7
704,integrated_v2,4244179,52.1
704,np_no_num,4798015,58.9
705,integrated_v2,668676,8.2
705,np_no_num,705734,8.7
706,integrated_v2,8110038,99.6
706,np_no_num,8069722,99.1
707,integrated_v2,992426,12.2
707,np_no_num,1096677,13.5
708,integrated_v2,7696697,94.5
708,np_no_num,7594481,93.2
709,integrated_v2,6848431,84.1
709,np_no_num,7102137,87.2
710,integrated_v2,2077701,25.5
710,np_no_num,1941278,23.8
711,integrated_v2,438997,5.4
711,np_no_num,394608,4.8
712,integrated_v2,3093339,38.0
712,np_no_num,2987866,36.7
713,integrated_v2,5483795,67.3
713,np_no_num,5338005,65.5
714,integrated_v2,700033,8.6
714,np_no_num,673970,8.3
715,integrated_v2,3779933,46.4
715,np_no_num,3581611,44.0
716,integrated_v2,3700930,45.4
716,np_no_num,4240106,52.1
717,integrated_v2,2742712,33.7
717,np_no_num,3821064,46.9
718,integrated_v2,6696941,82.2
718,np_no_num,6985261,85.8
719,integrated_v2,3862194,47.4
719,np_no_num,3814955,46.8
720,integrated_v2,1337352,16.4
720,np_no_num,1922545,23.6
721,integrated_v2,7006438,86.0
721,np_no_num,7230008,88.8
722,integrated_v2,4421325,54.3
722,np_no_num,4734487,58.1
723,integrated_v2,6755989,82.9
723,np_no_num,6789383,83.4
724,integrated_v2,7807057,95.9
724,np_no_num,7673077,94.2
725,integrated_v2,7545614,92.6
725,np_no_num,7737827,95.0
726,integrated_v2,3903732,47.9
726,np_no_num,4443315,54.6
727,integrated_v2,6072246,74.6
727,np_no_num,6329210,77.7
728,integrated_v2,7072816,86.8
728,np_no_num,7217791,88.6
729,integrated_v2,1599203,19.6
729,np_no_num,1556850,19.1
730,integrated_v2,889396,10.9
730,np_no_num,560759,6.9
731,integrated_v2,1197671,14.7
731,np_no_num,1525493,18.7
732,integrated_v2,1911957,23.5
732,np_no_num,1804855,22.2
733,integrated_v2,252077,3.1
733,np_no_num,235380,2.9
734,integrated_v2,377912,4.6
734,np_no_num,452028,5.5
735,integrated_v2,7860812,96.5
735,np_no_num,7960584,97.7
736,integrated_v2,5159230,63.3
736,np_no_num,5300947,65.1
737,integrated_v2,8120219,99.7
737,np_no_num,8110445,99.6
738,integrated_v2,6070617,74.5
738,np_no_num,4856656,59.6
739,integrated_v2,983467,12.1
739,np_no_num,868627,10.7
740,integrated_v2,706141,8.7
740,np_no_num,485829,6.0
741,integrated_v2,2315118,28.4
741,np_no_num,2548462,31.3
742,integrated_v2,1802819,22.1
742,np_no_num,1404545,17.2
743,integrated_v2,4868059,59.8
743,np_no_num,5076969,62.3
744,integrated_v2,4939732,60.6
744,np_no_num,5324160,65.4
745,integrated_v2,1281154,15.7
745,np_no_num,1110523,13.6
746,integrated_v2,7703213,94.6
746,np_no_num,7675114,94.2
747,integrated_v2,7975244,97.9
747,np_no_num,7793211,95.7
748,integrated_v2,2332221,28.6
748,np_no_num,2207608,27.1
749,integrated_v2,4378158,53.8
749,np_no_num,4350466,53.4
750,integrated_v2,4738966,58.2
750,np_no_num,5376693,66.0
751,integrated_v2,1909514,23.4
751,np_no_num,1621193,19.9
752,integrated_v2,2348103,28.8
752,np_no_num,1843135,22.6
753,integrated_v2,936228,11.5
753,np_no_num,1158577,14.2
754,integrated_v2,5490310,67.4
754,np_no_num,4919370,60.4
755,integrated_v2,4117122,50.5
755,np_no_num,3695229,45.4
756,integrated_v2,7508963,92.2
756,np_no_num,7342404,90.1
757,integrated_v2,462616,5.7
757,np_no_num,503340,6.2
758,integrated_v2,601075,7.4
758,np_no_num,647907,8.0
759,integrated_v2,6672100,81.9
759,np_no_num,6079169,74.6
760,integrated_v2,6781238,83.3
760,np_no_num,6482329,79.6
761,integrated_v2,4436392,54.5
761,np_no_num,4785391,58.8
762,integrated_v2,695146,8.5
762,np_no_num,421893,5.2
763,integrated_v2,3796630,46.6
763,np_no_num,3659800,44.9
764,integrated_v2,7287835,89.5
764,np_no_num,7473533,91.8
765,integrated_v2,6050663,74.3
765,np_no_num,6008310,73.8
766,integrated_v2,5331082,65.5
766,np_no_num,5426782,66.6
767,integrated_v2,3696858,45.4
767,np_no_num,3882963,47.7
768,integrated_v2,2513847,30.9
768,np_no_num,2981757,36.6
769,integrated_v2,6404140,78.6
769,np_no_num,6481107,79.6
770,integrated_v2,6705493,82.3
770,np_no_num,6735628,82.7
771,integrated_v2,385242,4.7
771,np_no_num,275696,3.4
772,integrated_v2,4034861,49.5
772,np_no_num,3589348,44.1
773,integrated_v2,3530707,43.3
773,np_no_num,4223817,51.9
774,integrated_v2,1878157,23.1
774,np_no_num,1966526,24.1
775,integrated_v2,5567277,68.4
775,np_no_num,5230089,64.2
776,integrated_v2,6903000,84.8
776,np_no_num,7238153,88.9
777,integrated_v2,2324891,28.5
777,np_no_num,3293290,40.4
778,integrated_v2,6295409,77.3
778,np_no_num,5550581,68.1
779,integrated_v2,3912284,48.0
779,np_no_num,4466935,54.8
780,integrated_v2,4600914,56.5
780,np_no_num,3667944,45.0
781,integrated_v2,6018491,73.9
781,np_no_num,6106453,75.0
782,integrated_v2,7241004,88.9
782,np_no_num,7450321,91.5
783,integrated_v2,8085197,99.3
783,np_no_num,8091713,99.3
784,integrated_v2,5277735,64.8
784,np_no_num,5674380,69.7
785,integrated_v2,2860809,35.1
785,np_no_num,3255418,40.0
786,integrated_v2,4058073,49.8
786,np_no_num,3537630,43.4
787,integrated_v2,1795489,22.0
787,np_no_num,1658659,20.4
788,integrated_v2,4178207,51.3
788,np_no_num,3988844,49.0
789,integrated_v2,5618996,69.0
789,np_no_num,5125837,62.9
790,integrated_v2,4080878,50.1
790,np_no_num,4442094,54.5
791,integrated_v2,4088616,50.2
791,np_no_num,3450482,42.4
792,integrated_v2,3580389,44.0
792,np_no_num,3887036,47.7
793,integrated_v2,2093583,25.7
793,np_no_num,2626243,32.2
794,integrated_v2,5965551,73.2
794,np_no_num,5836865,71.7
795,integrated_v2,4935660,60.6
795,np_no_num,5142534,63.1
796,integrated_v2,1940056,23.8
796,np_no_num,1817479,22.3
797,integrated_v2,538769,6.6
797,np_no_num,535918,6.6
798,integrated_v2,6650923,81.7
798,np_no_num,6642779,81.6
799,integrated_v2,107102,1.3
799,np_no_num,128686,1.6
800,integrated_v2,5965144,73.2
800,np_no_num,5133167,63.0
801,integrated_v2,3118180,38.3
801,np_no_num,3245644,39.8
802,integrated_v2,244747,3.0
802,np_no_num,168594,2.1
803,integrated_v2,1288077,15.8
803,np_no_num,1268937,15.6
804,integrated_v2,5681303,69.8
804,np_no_num,6128037,75.2
805,integrated_v2,6240840,76.6
805,np_no_num,6133738,75.3
806,integrated_v2,5823834,71.5
806,np_no_num,5485016,67.3
807,integrated_v2,1808520,22.2
807,np_no_num,1769833,21.7
808,integrated_v2,3072570,37.7
808,np_no_num,2510996,30.8
809,integrated_v2,4931994,60.6
809,np_no_num,5354295,65.7
810,integrated_v2,4749961,58.3
810,np_no_num,5043983,61.9
811,integrated_v2,145789,1.8
811,np_no_num,214204,2.6
812,integrated_v2,277733,3.4
812,np_no_num,339632,4.2
813,integrated_v2,3152388,38.7
813,np_no_num,2882800,35.4
814,integrated_v2,3528264,43.3
814,np_no_num,4045856,49.7
815,integrated_v2,971250,11.9
815,np_no_num,735869,9.0
816,integrated_v2,149047,1.8
816,np_no_num,136423,1.7
817,integrated_v2,4846476,59.5
817,np_no_num,5083485,62.4
818,integrated_v2,6462782,79.3
818,np_no_num,6415543,78.8
819,integrated_v2,2900311,35.6
819,np_no_num,3108814,38.2
820,integrated_v2,2803389,34.4
820,np_no_num,2746784,33.7
821,integrated_v2,1606533,19.7
821,np_no_num,2042272,25.1
822,integrated_v2,5840123,71.7
822,np_no_num,5588453,68.6
823,integrated_v2,5289952,64.9
823,np_no_num,4840367,59.4
824,integrated_v2,4242550,52.1
824,np_no_num,4586661,56.3
825,integrated_v2,1866347,22.9
825,np_no_num,1912364,23.5
826,integrated_v2,6637078,81.5
826,np_no_num,6580472,80.8
827,integrated_v2,3017187,37.0
827,np_no_num,3881742,47.7
828,integrated_v2,6884268,84.5
828,np_no_num,7410820,91.0
829,integrated_v2,7837599,96.2
829,np_no_num,7778551,95.5
830,integrated_v2,1503096,18.5
830,np_no_num,1280747,15.7
831,integrated_v2,286285,3.5
831,np_no_num,311533,3.8
832,integrated_v2,2266657,27.8
832,np_no_num,2793209,34.3
833,integrated_v2,695961,8.5
833,np_no_num,533475,6.5
834,integrated_v2,7978095,98.0
834,np_no_num,7939408,97.5
835,integrated_v2,2562308,31.5
835,np_no_num,3605231,44.3
836,integrated_v2,6392738,78.5
836,np_no_num,5866593,72.0
837,integrated_v2,2191726,26.9
837,np_no_num,2513847,30.9
838,integrated_v2,6062880,74.4
838,np_no_num,6051477,74.3
839,integrated_v2,5438592,66.8
839,np_no_num,4581774,56.3
840,integrated_v2,5588861,68.6
840,np_no_num,5485831,67.4
841,integrated_v2,5601485,68.8
841,np_no_num,6369118,78.2
842,integrated_v2,4146035,50.9
842,np_no_num,4043413,49.6
843,integrated_v2,3451297,42.4
843,np_no_num,3393877,41.7
844,integrated_v2,1192784,14.6
844,np_no_num,1333280,16.4
845,integrated_v2,1422464,17.5
845,np_no_num,1610605,19.8
846,integrated_v2,2266657,27.8
846,np_no_num,2449504,30.1
847,integrated_v2,6867164,84.3
847,np_no_num,6566626,80.6
848,integrated_v2,5857634,71.9
848,np_no_num,5849082,71.8
849,integrated_v2,5264296,64.6
849,np_no_num,5994872,73.6
850,integrated_v2,7404711,90.9
850,np_no_num,7370504,90.5
851,integrated_v2,7050011,86.6
851,np_no_num,7010510,86.1
852,integrated_v2,1312918,16.1
852,np_no_num,1051475,12.9
853,integrated_v2,4180650,51.3
853,np_no_num,4181465,51.3
854,integrated_v2,2687328,33.0
854,np_no_num,2192541,26.9
855,integrated_v2,5815689,71.4
855,np_no_num,5649131,69.4
856,integrated_v2,4391597,53.9
856,np_no_num,3545367,43.5
857,integrated_v2,834827,10.2
857,np_no_num,702069,8.6
858,integrated_v2,1759245,21.6
858,np_no_num,1931097,23.7
859,integrated_v2,8087640,99.3
859,np_no_num,8074202,99.1
860,integrated_v2,5459768,67.0
860,np_no_num,5502935,67.6
861,integrated_v2,5144570,63.2
861,np_no_num,4244586,52.1
862,integrated_v2,7087477,87.0
862,np_no_num,7096436,87.1
863,integrated_v2,6235139,76.6
863,np_no_num,6170389,75.8
864,integrated_v2,1077945,13.2
864,np_no_num,1277489,15.7
865,integrated_v2,5035024,61.8
865,np_no_num,4924664,60.5
866,integrated_v2,3397542,41.7
866,np_no_num,3777490,46.4
867,integrated_v2,2114759,26.0
867,np_no_num,2134713,26.2
868,integrated_v2,1384591,17.0
868,np_no_num,1484770,18.2
869,integrated_v2,664196,8.2
869,np_no_num,1025819,12.6
870,integrated_v2,3345823,41.1
870,np_no_num,3020037,37.1
871,integrated_v2,5708180,70.1
871,np_no_num,5968402,73.3
872,integrated_v2,4497884,55.2
872,np_no_num,4213636,51.7
873,integrated_v2,1027855,12.6
873,np_no_num,958626,11.8
874,integrated_v2,1144324,14.0
874,np_no_num,1057990,13.0
875,integrated_v2,6211927,76.3
875,np_no_num,6447714,79.2
876,integrated_v2,4198976,51.6
876,np_no_num,5252079,64.5
877,integrated_v2,5950891,73.1
877,np_no_num,5797364,71.2
878,integrated_v2,1529973,18.8
878,np_no_num,1516942,18.6
879,integrated_v2,1927025,23.7
879,np_no_num,1431830,17.6
880,integrated_v2,1171201,14.4
880,np_no_num,940707,11.5
881,integrated_v2,6844359,84.0
881,np_no_num,6860241,84.2
882,integrated_v2,2326927,28.6
882,np_no_num,1899740,23.3
883,integrated_v2,5448365,66.9
883,np_no_num,5295246,65.0
884,integrated_v2,7437290,91.3
884,np_no_num,7889725,96.9
885,integrated_v2,6574771,80.7
885,np_no_num,6529568,80.2
886,integrated_v2,5359996,65.8
886,np_no_num,5261038,64.6
887,integrated_v2,1000163,12.3
887,np_no_num,1477440,18.1
888,integrated_v2,666640,8.2
888,np_no_num,983874,12.1
889,integrated_v2,1618750,19.9
889,np_no_num,1824402,22.4
890,integrated_v2,6572735,80.7
890,np_no_num,6765763,83.1
891,integrated_v2,6859427,84.2
891,np_no_num,7157928,87.9
892,integrated_v2,6257537,76.8
892,np_no_num,6340612,77.8
893,integrated_v2,6703049,82.3
893,np_no_num,6499840,79.8
894,integrated_v2,1600017,19.6
894,np_no_num,1363822,16.7
895,integrated_v2,5215021,64.0
895,np_no_num,4816340,59.1
896,integrated_v2,6569884,80.7
896,np_no_num,6835807,83.9
897,integrated_v2,4144814,50.9
897,np_no_num,3742061,45.9
898,integrated_v2,1567438,19.2
898,np_no_num,1272195,15.6
899,integrated_v2,1237987,15.2
899,np_no_num,1498616,18.4
900,integrated_v2,7725203,94.8
900,np_no_num,7779365,95.5
901,integrated_v2,1825217,22.4
901,np_no_num,2350547,28.9
902,integrated_v2,4853806,59.6
902,np_no_num,5443886,66.8
903,integrated_v2,5299318,65.1
903,np_no_num,5352259,65.7
904,integrated_v2,5442257,66.8
904,np_no_num,4786612,58.8
905,integrated_v2,264701,3.2
905,np_no_num,302981,3.7
906,integrated_v2,4768287,58.5
906,np_no_num,4748333,58.3
907,integrated_v2,5133982,63.0
907,np_no_num,4686840,57.5
908,integrated_v2,8069315,99.1
908,np_no_num,8095378,99.4
909,integrated_v2,4987378,61.2
909,np_no_num,5351444,65.7
910,integrated_v2,331895,4.1
910,np_no_num,474019,5.8
911,integrated_v2,6741736,82.8
911,np_no_num,6768206,83.1
912,integrated_v2,3801924,46.7
912,np_no_num,4032825,49.5
913,integrated_v2,3702152,45.5
913,np_no_num,3988436,49.0
914,integrated_v2,4044635,49.7
914,np_no_num,3875633,47.6
915,integrated_v2,4291418,52.7
915,np_no_num,4546345,55.8
916,integrated_v2,7945923,97.6
916,np_no_num,7794840,95.7
917,integrated_v2,1772276,21.8
917,np_no_num,1672912,20.5
918,integrated_v2,2907641,35.7
918,np_no_num,2532580,31.1
919,integrated_v2,2226341,27.3
919,np_no_num,1852501,22.7
920,integrated_v2,2792801,34.3
920,np_no_num,2687328,33.0
921,integrated_v2,1948201,23.9
921,np_no_num,2058561,25.3
922,integrated_v2,6376041,78.3
922,np_no_num,5659719,69.5
923,integrated_v2,7068337,86.8
923,np_no_num,7618508,93.5
924,integrated_v2,6738478,82.7
924,np_no_num,6935579,85.2
925,integrated_v2,5276106,64.8
925,np_no_num,5021993,61.7
926,integrated_v2,282619,3.5
926,np_no_num,294022,3.6
927,integrated_v2,2385569,29.3
927,np_no_num,3041213,37.3
928,integrated_v2,8035922,98.7
928,np_no_num,8008637,98.3
929,integrated_v2,7069151,86.8
929,np_no_num,7018247,86.2
930,integrated_v2,1155726,14.2
930,np_no_num,1430201,17.6
931,integrated_v2,5332711,65.5
931,np_no_num,5366512,65.9
932,integrated_v2,1767390,21.7
932,np_no_num,2004806,24.6
933,integrated_v2,1808927,22.2
933,np_no_num,1415948,17.4
934,integrated_v2,1760467,21.6
934,np_no_num,2044308,25.1
935,integrated_v2,4111013,50.5
935,np_no_num,3448039,42.3
936,integrated_v2,6650109,81.6
936,np_no_num,6650109,81.6
937,integrated_v2,2846149,34.9
937,np_no_num,3008227,36.9
938,integrated_v2,5246785,64.4
938,np_no_num,5136018,63.1
939,integrated_v2,2398193,29.4
939,np_no_num,2964246,36.4
940,integrated_v2,1641962,20.2
940,np_no_num,1687979,20.7
941,integrated_v2,2035756,25.0
941,np_no_num,1600424,19.6
942,integrated_v2,3407723,41.8
942,np_no_num,3350303,41.1
943,integrated_v2,5825056,71.5
943,np_no_num,5349815,65.7
944,integrated_v2,1033964,12.7
944,np_no_num,1262014,15.5
945,integrated_v2,5940302,72.9
945,np_no_num,6189936,76.0
946,integrated_v2,7143675,87.7
946,np_no_num,7115169,87.4
947,integrated_v2,1578026,19.4
947,np_no_num,1664360,20.4
948,integrated_v2,3442745,42.3
948,np_no_num,3684234,45.2
949,integrated_v2,2082995,25.6
949,np_no_num,2082180,25.6
950,integrated_v2,1174459,14.4
950,np_no_num,1280339,15.7
951,integrated_v2,2592850,31.8
951,np_no_num,3198812,39.3
952,integrated_v2,6203375,76.2
952,np_no_num,6526717,80.1
953,integrated_v2,4860322,59.7
953,np_no_num,5019142,61.6
954,integrated_v2,7526881,92.4
954,np_no_num,7330595,90.0
955,integrated_v2,6312106,77.5
955,np_no_num,6195230,76.1
956,integrated_v2,1707934,21.0
956,np_no_num,1459522,17.9
957,integrated_v2,3129990,38.4
957,np_no_num,3548218,43.6
958,integrated_v2,7094807,87.1
958,np_no_num,6968972,85.6
959,integrated_v2,5667049,69.6
959,np_no_num,6053106,74.3
960,integrated_v2,3153610,38.7
960,np_no_num,3748576,46.0
961,integrated_v2,4586661,56.3
961,np_no_num,4225446,51.9
962,integrated_v2,3353561,41.2
962,np_no_num,3202070,39.3
963,integrated_v2,1279525,15.7
963,np_no_num,1556443,19.1
964,integrated_v2,944372,11.6
964,np_no_num,955775,11.7
965,integrated_v2,5090408,62.5
965,np_no_num,5127466,63.0
966,integrated_v2,8122255,99.7
966,np_no_num,8107187,99.5
967,integrated_v2,5560354,68.3
967,np_no_num,5686597,69.8
968,integrated_v2,3177636,39.0
968,np_no_num,2695066,33.1
969,integrated_v2,4106534,50.4
969,np_no_num,4208342,51.7
970,integrated_v2,7028428,86.3
970,np_no_num,7044717,86.5
971,integrated_v2,3067683,37.7
971,np_no_num,2906827,35.7
972,integrated_v2,7833527,96.2
972,np_no_num,7863255,96.5
973,integrated_v2,3560435,43.7
973,np_no_num,3133655,38.5
974,integrated_v2,5331897,65.5
974,np_no_num,5244342,64.4
975,integrated_v2,5267961,64.7
975,np_no_num,5160859,63.4
976,integrated_v2,328637,4.0
976,np_no_num,510262,6.3
977,integrated_v2,7767148,95.4
977,np_no_num,7641720,93.8
978,integrated_v2,1076723,13.2
978,np_no_num,1210295,14.9
979,integrated_v2,2249553,27.6
979,np_no_num,2346067,28.8
980,integrated_v2,4953578,60.8
980,np_no_num,5068825,62.2
981,integrated_v2,1203372,14.8
981,np_no_num,883288,10.8
982,integrated_v2,3570616,43.8
982,np_no_num,3799888,46.7
983,integrated_v2,6249392,76.7
983,np_no_num,6446493,79.1
984,integrated_v2,4699057,57.7
984,np_no_num,4596435,56.4
985,integrated_v2,4155402,51.0
985,np_no_num,4837924,59.4
986,integrated_v2,4534943,55.7
986,np_no_num,4651004,57.1
987,integrated_v2,1006679,12.4
987,np_no_num,1174866,14.4
988,integrated_v2,5514337,67.7
988,np_no_num,6219664,76.4
989,integrated_v2,2917007,35.8
989,np_no_num,2467015,30.3
990,integrated_v2,1645220,20.2
990,np_no_num,2079330,25.5
991,integrated_v2,7708507,94.6
991,np_no_num,7921897,97.3
992,integrated_v2,7802170,95.8
992,np_no_num,7401860,90.9
993,integrated_v2,2654342,32.6
993,np_no_num,2095619,25.7
994,integrated_v2,157599,1.9
994,np_no_num,80632,1.0
995,integrated_v2,2542353,31.2
995,np_no_num,3327905,40.9
996,integrated_v2,2758594,33.9
996,np_no_num,3425234,42.1
997,integrated_v2,6242876,76.6
997,np_no_num,6107675,75.0
998,integrated_v2,4628199,56.8
998,np_no_num,3858529,47.4
999,integrated_v2,3968075,48.7
999,np_no_num,4087394,50.2
1000,integrated_v2,3039992,37.3
1000,np_no_num,2898275,35.6
1001,integrated_v2,7387200,90.7
1001,np_no_num,7377426,90.6
1002,integrated_v2,7647422,93.9
1002,np_no_num,7612400,93.5
1003,integrated_v2,7044310,86.5
1003,np_no_num,7087070,87.0
1004,integrated_v2,2277652,28.0
1004,np_no_num,2574118,31.6
1005,integrated_v2,1583728,19.4
1005,np_no_num,1490064,18.3
1006,integrated_v2,7160779,87.9
1006,np_no_num,7370096,90.5
1007,integrated_v2,6037631,74.1
1007,np_no_num,5246378,64.4
1008,integrated_v2,2784250,34.2
1008,np_no_num,3336457,41.0
1009,integrated_v2,198322,2.4
1009,np_no_num,273660,3.4
1010,integrated_v2,5813246,71.4
1010,np_no_num,5884919,72.3
1011,integrated_v2,3525413,43.3
1011,np_no_num,3641474,44.7
1012,integrated_v2,2104578,25.8
1012,np_no_num,2280910,28.0
1013,integrated_v2,6835400,83.9
1013,np_no_num,6125186,75.2
1014,integrated_v2,2175844,26.7
1014,np_no_num,2138786,26.3
1015,integrated_v2,4208342,51.7
1015,np_no_num,3784006,46.5
1016,integrated_v2,2065077,25.4
1016,np_no_num,1484363,18.2
1017,integrated_v2,7963027,97.8
1017,np_no_num,7914974,97.2
1018,integrated_v2,7621359,93.6
1018,np_no_num,7702805,94.6
1019,integrated_v2,31357,0.4
1019,np_no_num,40316,0.5
1020,integrated_v2,5160859,63.4
1020,np_no_num,5174705,63.5
1021,integrated_v2,6534862,80.2
1021,np_no_num,5460582,67.0
1022,integrated_v2,4994301,61.3
1022,np_no_num,4999188,61.4
1023,integrated_v2,225607,2.8
1023,np_no_num,289950,3.6
1024,integrated_v2,1425314,17.5
1024,np_no_num,1992589,24.5
1025,integrated_v2,4074770,50.0
1025,np_no_num,4528020,55.6
1026,integrated_v2,1986888,24.4
1026,np_no_num,2287833,28.1
1027,integrated_v2,3057503,37.5
1027,np_no_num,3365371,41.3
1028,integrated_v2,3820657,46.9
1028,np_no_num,4497884,55.2
1029,integrated_v2,6222515,76.4
1029,np_no_num,6587395,80.9
1030,integrated_v2,1856574,22.8
1030,np_no_num,1516942,18.6
1031,integrated_v2,7738235,95.0
1031,np_no_num,7734162,95.0
1032,integrated_v2,5363661,65.9
1032,np_no_num,4636344,56.9
1033,integrated_v2,1127220,13.8
1033,np_no_num,1033556,12.7
1034,integrated_v2,1193192,14.6
1034,np_no_num,551393,6.8
1035,integrated_v2,3052209,37.5
1035,np_no_num,2896239,35.6
1036,integrated_v2,6151656,75.5
1036,np_no_num,6257129,76.8
1037,integrated_v2,7877508,96.7
1037,np_no_num,8011488,98.4
1038,integrated_v2,1942907,23.9
1038,np_no_num,2509775,30.8
1039,integrated_v2,6098716,74.9
1039,np_no_num,6116227,75.1
1040,integrated_v2,5923606,72.7
1040,np_no_num,5893064,72.4
1041,integrated_v2,3152795,38.7
1041,np_no_num,2014580,24.7
1042,integrated_v2,232123,2.8
1042,np_no_num,367731,4.5
1043,integrated_v2,5723655,70.3
1043,np_no_num,6780831,83.3
1044,integrated_v2,6040074,74.2
1044,np_no_num,4858285,59.6
1045,integrated_v2,2366836,29.1
1045,np_no_num,2377017,29.2
1046,integrated_v2,572976,7.0
1046,np_no_num,698404,8.6
1047,integrated_v2,831162,10.2
1047,np_no_num,562796,6.9
1048,integrated_v2,2605474,32.0
1048,np_no_num,2834339,34.8
1049,integrated_v2,3574688,43.9
1049,np_no_num,3251345,39.9
1050,integrated_v2,2046751,25.1
1050,np_no_num,1766575,21.7
1051,integrated_v2,7341997,90.1
1051,np_no_num,7055305,86.6
1052,integrated_v2,4663221,57.3
1052,np_no_num,4967016,61.0
1053,integrated_v2,1459115,17.9
1053,np_no_num,1157355,14.2
1054,integrated_v2,7366431,90.4
1054,np_no_num,6685945,82.1
1055,integrated_v2,6406584,78.7
1055,np_no_num,6428982,78.9
1056,integrated_v2,4247436,52.1
1056,np_no_num,4007984,49.2
1057,integrated_v2,5830757,71.6
1057,np_no_num,6018084,73.9
1058,integrated_v2,6569070,80.7
1058,np_no_num,6592689,80.9
1059,integrated_v2,6675765,82.0
1059,np_no_num,6486809,79.6
1060,integrated_v2,7221864,88.7
1060,np_no_num,7451950,91.5
1061,integrated_v2,4820413,59.2
1061,np_no_num,4343951,53.3
1062,integrated_v2,3927759,48.2
1062,np_no_num,3083973,37.9
1063,integrated_v2,7933299,97.4
1063,np_no_num,7823346,96.1
1064,integrated_v2,4913262,60.3
1064,np_no_num,4803309,59.0
1065,integrated_v2,7758596,95.3
1065,np_no_num,7930856,97.4
1066,integrated_v2,3656542,44.9
1066,np_no_num,3668352,45.0
1067,integrated_v2,7880359,96.8
1067,np_no_num,7868956,96.6
1068,integrated_v2,7046754,86.5
1068,np_no_num,6935986,85.2
1069,integrated_v2,7273582,89.3
1069,np_no_num,7386386,90.7
1070,integrated_v2,3736767,45.9
1070,np_no_num,3907804,48.0
1071,integrated_v2,7647829,93.9
1071,np_no_num,7825382,96.1
1072,integrated_v2,5016699,61.6
1072,np_no_num,5328232,65.4
1073,integrated_v2,7484121,91.9
1073,np_no_num,7236931,88.9
1074,integrated_v2,6448122,79.2
1074,np_no_num,6507985,79.9
1075,integrated_v2,4862765,59.7
1075,np_no_num,4538201,55.7
1076,integrated_v2,1207852,14.8
1076,np_no_num,949667,11.7
1077,integrated_v2,1621600,19.9
1077,np_no_num,1874492,23.0
1078,integrated_v2,4626163,56.8
1078,np_no_num,4475894,55.0
1079,integrated_v2,5021993,61.7
1079,np_no_num,5551803,68.2
1080,integrated_v2,4680732,57.5
1080,np_no_num,4290196,52.7
1081,integrated_v2,8068093,99.1
1081,np_no_num,8082346,99.2
1082,integrated_v2,162486,2.0
1082,np_no_num,95292,1.2
1083,integrated_v2,107917,1.3
1083,np_no_num,148233,1.8
1084,integrated_v2,1379704,16.9
1084,np_no_num,1825624,22.4
1085,integrated_v2,5156787,63.3
1085,np_no_num,5467505,67.1
1086,integrated_v2,415377,5.1
1086,np_no_num,404789,5.0
1087,integrated_v2,7311455,89.8
1087,np_no_num,7488194,91.9
1088,integrated_v2,4469785,54.9
1088,np_no_num,5028101,61.7
1089,integrated_v2,3025739,37.1
1089,np_no_num,2952029,36.2
1090,integrated_v2,652794,8.0
1090,np_no_num,826682,10.1
1091,integrated_v2,25248,0.3
1091,np_no_num,17918,0.2
1092,integrated_v2,417413,5.1
1092,np_no_num,496824,6.1
1093,integrated_v2,1442825,17.7
1093,np_no_num,2179102,26.8
1094,integrated_v2,6643186,81.6
1094,np_no_num,6578436,80.8
1095,integrated_v2,6442828,79.1
1095,np_no_num,6516129,80.0
1096,integrated_v2,1510019,18.5
1096,np_no_num,1274231,15.6
1097,integrated_v2,6998293,85.9
1097,np_no_num,6776351,83.2
1098,integrated_v2,5373027,66.0
1098,np_no_num,5498455,67.5
1099,integrated_v2,2421405,29.7
1099,np_no_num,2626651,32.2
1100,integrated_v2,4379787,53.8
1100,np_no_num,4479966,55.0
1101,integrated_v2,852745,10.5
1101,np_no_num,972064,11.9
1102,integrated_v2,7021098,86.2
1102,np_no_num,6874494,84.4
1103,integrated_v2,2696695,33.1
1103,np_no_num,3494463,42.9
1104,integrated_v2,6380521,78.3
1104,np_no_num,6983225,85.7
1105,integrated_v2,5551803,68.2
1105,np_no_num,5305020,65.1
1106,integrated_v2,3477359,42.7
1106,np_no_num,2753300,33.8
1107,integrated_v2,3889072,47.7
1107,np_no_num,4193274,51.5
1108,integrated_v2,6182199,75.9
1108,np_no_num,6459117,79.3
1109,integrated_v2,1764946,21.7
1109,np_no_num,2325706,28.6
1110,integrated_v2,3019223,37.1
1110,np_no_num,2744748,33.7
1111,integrated_v2,7304532,89.7
1111,np_no_num,7263401,89.2
1112,integrated_v2,7988275,98.1
1112,np_no_num,7955290,97.7
1113,integrated_v2,4318295,53.0
1113,np_no_num,4353724,53.5
1114,integrated_v2,6974673,85.6
1114,np_no_num,6812595,83.6
1115,integrated_v2,5916683,72.6
1115,np_no_num,6166724,75.7
1116,integrated_v2,1417984,17.4
1116,np_no_num,1346311,16.5
1117,integrated_v2,4442501,54.5
1117,np_no_num,5121765,62.9
1118,integrated_v2,7010510,86.1
1118,np_no_num,6397625,78.5
1119,integrated_v2,7479642,91.8
1119,np_no_num,7123721,87.5
1120,integrated_v2,4534535,55.7
1120,np_no_num,5259410,64.6
1121,integrated_v2,2444210,30.0
1121,np_no_num,2342809,28.8
1122,integrated_v2,1394365,17.1
1122,np_no_num,1922545,23.6
1123,integrated_v2,8033885,98.6
1123,np_no_num,7960991,97.7
1124,integrated_v2,1819515,22.3
1124,np_no_num,2434029,29.9
1125,integrated_v2,2872212,35.3
1125,np_no_num,3943641,48.4
1126,integrated_v2,2789951,34.3
1126,np_no_num,2858773,35.1
1127,integrated_v2,5473207,67.2
1127,np_no_num,5988763,73.5
1128,integrated_v2,5834829,71.6
1128,np_no_num,6399661,78.6
1129,integrated_v2,8113296,99.6
1129,np_no_num,8127549,99.8
1130,integrated_v2,7205167,88.5
1130,np_no_num,7019469,86.2
1131,integrated_v2,5022244,61.7
1131,np_no_num,5146863,63.2
1132,integrated_v2,3044471,37.4
1132,np_no_num,3487540,42.8
1133,integrated_v2,1842728,22.6
1133,np_no_num,1350383,16.6
1134,integrated_v2,7394123,90.8
1134,np_no_num,7098879,87.2
1135,integrated_v2,7577785,93.0
1135,np_no_num,7593260,93.2
1136,integrated_v2,3900881,47.9
1136,np_no_num,2720314,33.4
1137,integrated_v2,1020118,12.5
1137,np_no_num,1387442,17.0
1138,integrated_v2,4870502,59.8
1138,np_no_num,4427840,54.4
1139,integrated_v2,1181789,14.5
1139,np_no_num,1414726,17.4
1140,integrated_v2,782294,9.6
1140,np_no_num,549764,6.7
1141,integrated_v2,1977522,24.3
1141,np_no_num,2302493,28.3
1142,integrated_v2,3258268,40.0
1142,np_no_num,3485911,42.8
1143,integrated_v2,1161020,14.3
1143,np_no_num,995277,12.2
1144,integrated_v2,2855515,35.1
1144,np_no_num,3172342,38.9
1145,integrated_v2,5478093,67.3
1145,np_no_num,4916520,60.4
1146,integrated_v2,1108080,13.6
1146,np_no_num,1617935,19.9
1147,integrated_v2,4678696,57.4
1147,np_no_num,5351037,65.7
1148,integrated_v2,4358204,53.5
1148,np_no_num,4523133,55.5
1149,integrated_v2,4049929,49.7
1149,np_no_num,4411144,54.2
1150,integrated_v2,918310,11.3
1150,np_no_num,652794,8.0
1151,integrated_v2,7659639,94.0
1151,np_no_num,7770406,95.4
1152,integrated_v2,5419045,66.5
1152,np_no_num,4980455,61.1
1153,integrated_v2,3582018,44.0
1153,np_no_num,3713962,45.6
1154,integrated_v2,6328802,77.7
1154,np_no_num,6555224,80.5
1155,integrated_v2,3270078,40.1
1155,np_no_num,3854457,47.3
1156,integrated_v2,1579248,19.4
1156,np_no_num,1244910,15.3
1157,integrated_v2,30542,0.4
1157,np_no_num,19954,0.2
1158,integrated_v2,6950239,85.3
1158,np_no_num,6338169,77.8
1159,integrated_v2,6716488,82.5
1159,np_no_num,6166317,75.7
1160,integrated_v2,4713311,57.9
1160,np_no_num,4809825,59.1
1161,integrated_v2,1220883,15.0
1161,np_no_num,1268530,15.6
1162,integrated_v2,6301111,77.4
1162,np_no_num,6065730,74.5
1163,integrated_v2,804692,9.9
1163,np_no_num,651165,8.0
1164,integrated_v2,4187980,51.4
1164,np_no_num,4163954,51.1
1165,integrated_v2,2184396,26.8
1165,np_no_num,2683663,32.9
1166,integrated_v2,7881580,96.8
1166,np_no_num,7431588,91.2
1167,integrated_v2,1999105,24.5
1167,np_no_num,1707526,21.0
1168,integrated_v2,1006679,12.4
1168,np_no_num,880844,10.8
1169,integrated_v2,3426863,42.1
1169,np_no_num,3838575,47.1
1170,integrated_v2,863333,10.6
1170,np_no_num,1195228,14.7
1171,integrated_v2,2088696,25.6
1171,np_no_num,1640740,20.1
1172,integrated_v2,6561740,80.6
1172,np_no_num,6877752,84.4
1173,integrated_v2,1780421,21.9
1173,np_no_num,1872456,23.0
1174,integrated_v2,2242223,27.5
1174,np_no_num,2220232,27.3
1175,integrated_v2,4822449,59.2
1175,np_no_num,4607837,56.6
1176,integrated_v2,7599775,93.3
1176,np_no_num,7706063,94.6
1177,integrated_v2,6666398,81.8
1177,np_no_num,6660290,81.8
1178,integrated_v2,5449994,66.9
1178,np_no_num,5494383,67.5
1179,integrated_v2,7542763,92.6
1179,np_no_num,7899499,97.0
1180,integrated_v2,4011649,49.3
1180,np_no_num,3509531,43.1
1181,integrated_v2,3328312,40.9
1181,np_no_num,4124045,50.6
1182,integrated_v2,201987,2.5
1182,np_no_num,195064,2.4
1183,integrated_v2,782294,9.6
1183,np_no_num,1091383,13.4
1184,integrated_v2,7842893,96.3
1184,np_no_num,7752488,95.2
1185,integrated_v2,2431179,29.8
1185,np_no_num,2382311,29.2
1186,integrated_v2,6567441,80.6
1186,np_no_num,6099938,74.9
1187,integrated_v2,4692542,57.6
1187,np_no_num,5478908,67.3
1188,integrated_v2,3345823,41.1
1188,np_no_num,2878320,35.3
1189,integrated_v2,2892981,35.5
1189,np_no_num,2844520,34.9
1190,integrated_v2,7742714,95.1
1190,np_no_num,7665747,94.1
1191,integrated_v2,2048787,25.2
1191,np_no_num,1833361,22.5
1192,integrated_v2,870663,10.7
1192,np_no_num,905685,11.1
1193,integrated_v2,4641230,57.0
1193,np_no_num,4430691,54.4
1194,integrated_v2,262665,3.2
1194,np_no_num,444291,5.5
1195,integrated_v2,3773010,46.3
1195,np_no_num,3428084,42.1
1196,integrated_v2,6637078,81.5
1196,np_no_num,7172996,88.1
1197,integrated_v2,2603438,32.0
1197,np_no_num,1819923,22.3
1198,integrated_v2,4925479,60.5
1198,np_no_num,3833688,47.1
1199,integrated_v2,2392085,29.4
1199,np_no_num,1376039,16.9
1200,integrated_v2,5288730,64.9
1200,np_no_num,4796386,58.9
1201,integrated_v2,1104008,13.6
1201,np_no_num,1059619,13.0
1202,integrated_v2,623473,7.7
1202,np_no_num,877586,10.8
1203,integrated_v2,1391921,17.1
1203,np_no_num,1766168,21.7
1204,integrated_v2,1738883,21.3
1204,np_no_num,2014580,24.7
1205,integrated_v2,2835561,34.8
1205,np_no_num,3045286,37.4
1206,integrated_v2,1058805,13.0
1206,np_no_num,944780,11.6
1207,integrated_v2,337189,4.1
1207,np_no_num,512706,6.3
1208,integrated_v2,7170960,88.0
1208,np_no_num,6832956,83.9
1209,integrated_v2,3775454,46.4
1209,np_no_num,3517268,43.2
1210,integrated_v2,3987622,49.0
1210,np_no_num,3807218,46.7
1211,integrated_v2,4865208,59.7
1211,np_no_num,4319924,53.0
1212,integrated_v2,3241979,39.8
1212,np_no_num,3146687,38.6
1213,integrated_v2,5612073,68.9
1213,np_no_num,5603114,68.8
1214,integrated_v2,504968,6.2
1214,np_no_num,753788,9.3
1215,integrated_v2,4959686,60.9
1215,np_no_num,3752649,46.1
1216,integrated_v2,1301108,16.0
1216,np_no_num,1366266,16.8
1217,integrated_v2,6212741,76.3
1217,np_no_num,6310070,77.5
1218,integrated_v2,2988680,36.7
1218,np_no_num,3193926,39.2
1219,integrated_v2,5898358,72.4
1219,np_no_num,6262424,76.9
1220,integrated_v2,2732531,33.5
1220,np_no_num,2682849,32.9
1221,integrated_v2,1320655,16.2
1221,np_no_num,1274231,15.6
1222,integrated_v2,1014009,12.4
1222,np_no_num,1338981,16.4
1223,integrated_v2,5158416,63.3
1223,np_no_num,3911469,48.0
1224,integrated_v2,1868383,22.9
1224,np_no_num,2100506,25.8
1225,integrated_v2,7052455,86.6
1225,np_no_num,7249963,89.0
1226,integrated_v2,2730088,33.5
1226,np_no_num,2491449,30.6
1227,integrated_v2,4861543,59.7
1227,np_no_num,4725935,58.0
1228,integrated_v2,838492,10.3
1228,np_no_num,659717,8.1
1229,integrated_v2,2954473,36.3
1229,np_no_num,2711762,33.3
1230,integrated_v2,5573386,68.4
1230,np_no_num,5618589,69.0
1231,integrated_v2,4669329,57.3
1231,np_no_num,5036246,61.8
1232,integrated_v2,3047729,37.4
1232,np_no_num,2278467,28.0
1233,integrated_v2,130314,1.6
1233,np_no_num,112803,1.4
1234,integrated_v2,5328639,65.4
1234,np_no_num,5356331,65.8
1235,integrated_v2,7649051,93.9
1235,np_no_num,7610771,93.4
1236,integrated_v2,2153039,26.4
1236,np_no_num,1701825,20.9
1237,integrated_v2,1446083,17.8
1237,np_no_num,1392736,17.1
1238,integrated_v2,4385488,53.8
1238,np_no_num,4261690,52.3
1239,integrated_v2,4352095,53.4
1239,np_no_num,3958301,48.6
1240,integrated_v2,6193194,76.0
1240,np_no_num,6079576,74.6
1241,integrated_v2,4494219,55.2
1241,np_no_num,4683990,57.5
1242,integrated_v2,2715834,33.3
1242,np_no_num,2614026,32.1
