회차,추첨일,번호1,번호2,번호3,번호4,번호5,번호6,보너스,1등 당첨자수(명),1등 당첨금액(원),총판매금액(원)
1232회,2026-07-11,12,15,19,22,24,36,3,11,2533260819,114636304000
1231회,2026-07-04,4,13,14,18,31,38,15,17,1652990074,118084580000
1230회,2026-06-27,3,8,9,22,28,42,45,16,1771357196,120177677000
1229회,2026-06-20,12,13,29,34,37,42,16,8,3519759000,0
1228회,2026-06-13,24,29,30,31,35,44,1,11,2698334421,0
1227회,2026-06-06,1,14,16,34,41,44,13,11,2674808455,0
1226회,2026-05-30,4,6,13,17,26,28,41,10,2815230113,0
1225회,2026-05-23,8,9,19,25,41,42,33,13,2228133087,0
1224회,2026-05-16,9,18,21,27,44,45,28,12,2414855250,0
1223회,2026-05-09,16,18,20,32,33,39,26,16,1857554133,0
1222회,2026-05-02,4,11,17,22,32,41,34,24,1202986844,0
1221회,2026-04-25,6,13,18,28,30,36,9,16,1830801165,0
1220회,2026-04-18,2,22,25,28,34,43,16,14,2114514161,0
1219회,2026-04-11,1,2,15,28,39,45,31,12,2508232844,0
1218회,2026-04-04,3,28,31,32,42,45,25,18,1714482042,0
1217회,2026-03-28,8,10,15,20,29,31,41,14,2179738018,0
1216회,2026-03-21,3,10,14,15,23,24,25,14,2148654000,0
1215회,2026-03-14,13,15,19,21,44,45,39,16,1998542133,0
1214회,2026-03-07,10,15,19,27,30,33,14,12,2431577188,0
1213회,2026-02-28,5,11,25,27,36,38,2,18,1740011646,0
1212회,2026-02-21,5,8,25,31,41,44,45,12,2654089032,0
1211회,2026-02-14,23,26,27,35,38,40,10,14,2370956036,0
1210회,2026-02-07,1,7,9,17,27,38,31,24,1102298407,0
1209회,2026-01-31,2,17,20,35,37,39,24,22,1371910466,0
1208회,2026-01-24,6,27,30,36,38,42,25,6,5001713625,0
1207회,2026-01-17,10,22,24,27,38,45,11,17,1733202949,0
1206회,2026-01-10,1,3,17,26,27,42,23,15,1868807000,0
1205회,2026-01-03,1,4,16,23,31,41,2,10,3226386263,0
1204회,2025-12-27,8,16,28,30,31,44,27,18,1661007688,0
1203회,2025-12-20,3,6,18,29,35,39,24,21,1368060733,0
1202회,2025-12-13,5,12,21,33,37,40,7,14,1920410813,0
1201회,2025-12-06,7,9,24,27,35,36,37,19,1414555718,0
1200회,2025-11-29,1,2,4,16,20,32,45,12,2357299875,0
1199회,2025-11-22,16,24,25,30,31,32,7,17,1695609839,0
1198회,2025-11-15,26,30,33,38,39,41,21,10,2953686638,0
1197회,2025-11-08,1,5,7,26,28,43,30,13,2205089827,0
1196회,2025-11-01,8,12,15,29,40,45,14,15,2001627550,0
1195회,2025-10-25,3,15,27,33,34,36,37,10,2939186738,0
1194회,2025-10-18,3,13,15,24,33,37,2,28,985155349,0
1193회,2025-10-11,6,9,16,19,24,28,17,16,1717013508,0
1192회,2025-10-04,10,16,23,36,39,40,11,29,1079546587,0
1191회,2025-09-27,1,4,11,12,20,41,2,18,1536334355,0
1190회,2025-09-20,7,9,19,23,26,45,33,6,4622793813,0
1189회,2025-09-13,9,19,29,35,37,38,31,13,2263651299,0
1188회,2025-09-06,3,4,12,19,22,27,9,24,1074625172,0
1187회,2025-08-30,5,13,26,29,37,40,42,11,2619380012,0
1186회,2025-08-23,2,8,13,16,23,28,35,14,1985676911,0
1185회,2025-08-16,6,17,22,28,29,32,38,12,2388695125,0
1184회,2025-08-09,14,16,23,25,31,37,42,15,1910655600,0
1183회,2025-08-02,4,15,17,23,27,36,31,13,2073966000,0
1182회,2025-07-26,1,13,21,25,28,31,22,13,2124785424,0
1181회,2025-07-19,8,10,14,20,33,41,28,17,1593643500,0
1180회,2025-07-12,6,12,18,37,40,41,3,11,2535566421,0
1179회,2025-07-05,3,16,18,24,40,44,21,13,2162821097,0
1178회,2025-06-28,5,6,11,27,43,44,17,12,2391608407,0
1177회,2025-06-21,3,7,15,16,19,43,21,6,4576672000,0
1176회,2025-06-14,7,9,11,21,30,35,29,13,2052166154,0
1175회,2025-06-07,3,4,6,8,32,42,31,20,1384026094,0
1174회,2025-05-31,8,11,14,17,36,39,22,15,1910619425,0
1173회,2025-05-24,1,5,18,20,30,35,3,24,1179946063,0
1172회,2025-05-17,7,9,24,40,42,44,45,13,2203004452,0
1171회,2025-05-10,3,6,7,11,12,17,19,21,1128345286,0
1170회,2025-05-03,3,13,28,34,38,42,25,20,1386550969,0
1169회,2025-04-26,5,12,24,26,39,42,20,10,2852735813,0
1168회,2025-04-19,9,21,24,30,33,37,29,13,2136635914,0
1167회,2025-04-12,8,23,31,35,39,40,24,10,2884087913,0
1166회,2025-04-05,14,23,25,27,29,42,16,14,2072319938,0
1165회,2025-03-29,6,7,27,29,38,45,17,13,2192485270,0
1164회,2025-03-22,17,18,23,25,38,39,22,13,2193092164,0
1163회,2025-03-15,2,13,15,16,33,43,4,15,1936891150,0
1162회,2025-03-08,20,21,22,25,28,29,6,36,823931021,0
1161회,2025-03-01,2,12,20,24,34,42,37,16,1792657969,0
1160회,2025-02-22,7,13,18,36,39,45,19,12,2509359875,0
1159회,2025-02-15,3,9,27,28,38,39,7,23,1284854250,0
1158회,2025-02-08,21,25,27,32,37,38,20,21,1394358197,0
1157회,2025-02-01,5,7,12,20,25,26,28,12,2257842157,0
1156회,2025-01-25,30,31,34,39,41,45,7,21,1505207090,0
1155회,2025-01-18,10,16,19,27,37,38,13,7,4066375179,0
1154회,2025-01-11,4,8,22,26,32,38,27,15,1854965425,0
1153회,2025-01-04,1,9,10,13,35,44,5,15,2027312925,0
1152회,2024-12-28,30,31,32,35,36,37,5,35,874349668,0
1151회,2024-12-21,2,3,9,15,27,29,8,17,1620503030,0
1150회,2024-12-14,8,9,18,35,39,45,25,17,1570620309,0
1149회,2024-12-07,8,15,19,21,32,36,38,17,1613380765,0
1148회,2024-11-30,3,6,13,15,16,22,32,13,2073332308,0
1147회,2024-11-23,7,11,24,26,27,37,32,8,3323422079,0
1146회,2024-11-16,6,11,17,19,40,43,28,11,2526476353,0
1145회,2024-11-09,2,11,31,33,37,44,32,9,3051630084,0
1144회,2024-11-02,3,4,12,15,26,34,6,18,1489347375,0
1143회,2024-10-26,10,16,17,27,28,36,6,11,2545657023,0
1142회,2024-10-19,2,8,28,30,37,41,22,9,3117517709,0
1141회,2024-10-12,7,11,12,21,26,35,20,11,2457758285,0
1140회,2024-10-05,7,10,22,29,31,38,15,12,2279823938,0
1139회,2024-09-28,5,12,15,30,37,40,18,13,2167490972,0
1138회,2024-09-21,14,16,19,20,29,34,35,14,1902656786,0
1137회,2024-09-14,4,9,12,15,33,45,26,14,2023447688,0
1136회,2024-09-07,21,33,35,38,42,44,1,12,2314468157,0
1135회,2024-08-31,1,6,13,19,21,33,4,9,2953726125,0
1134회,2024-08-24,3,7,9,13,19,24,23,14,1755689384,0
1133회,2024-08-17,13,14,20,28,29,34,23,13,2105079491,0
1132회,2024-08-10,6,7,19,28,34,41,5,11,2404951807,0
1131회,2024-08-03,1,2,6,14,27,38,33,17,1542367898,0
1130회,2024-07-27,15,19,21,25,27,28,40,12,2263301219,0
1129회,2024-07-20,5,10,11,17,28,34,22,11,2369567660,0
1128회,2024-07-13,1,5,8,16,28,33,45,63,419925560,0
1127회,2024-07-06,10,15,24,30,31,37,32,12,2267891969,0
1126회,2024-06-29,4,5,9,11,37,40,7,11,2386382421,0
1125회,2024-06-22,6,14,25,33,40,44,30,12,2195289188,0
1124회,2024-06-15,3,8,17,30,33,34,28,10,2623327913,0
1123회,2024-06-08,13,19,21,24,34,35,26,16,1731310711,0
1122회,2024-06-01,3,6,21,30,34,35,22,11,2556266046,0
1121회,2024-05-25,6,24,31,32,38,44,8,11,2524513262,0
1120회,2024-05-18,2,19,26,31,38,41,34,11,2522163375,0
1119회,2024-05-11,1,9,12,13,20,45,3,19,1396028764,0
1118회,2024-05-04,11,13,14,15,16,45,3,19,1477445132,0
1117회,2024-04-27,3,4,9,30,33,36,7,9,3028385542,0
1116회,2024-04-20,15,16,17,25,30,31,32,10,2695000238,0
1115회,2024-04-13,7,12,23,32,34,36,8,12,2257278282,0
1114회,2024-04-06,10,16,19,32,33,38,3,17,1583813824,0
1113회,2024-03-30,11,13,20,21,32,44,8,14,1987426822,0
1112회,2024-03-23,16,20,26,36,42,44,24,10,2804455650,0
1111회,2024-03-16,3,13,30,33,43,45,4,16,1714662540,0
1110회,2024-03-09,3,7,11,20,22,41,24,16,1647392719,0
1109회,2024-03-02,10,12,13,19,33,40,2,17,1584352875,0
1108회,2024-02-24,7,19,26,37,39,44,27,14,1957990849,0
1107회,2024-02-17,6,14,30,31,40,41,29,14,2025625233,0
1106회,2024-02-10,1,3,4,29,42,45,36,11,2790462819,0
1105회,2024-02-03,6,16,34,37,39,40,11,15,1834853800,0
1104회,2024-01-27,1,7,21,30,35,38,2,15,1817193100,0
1103회,2024-01-20,10,12,29,31,40,44,2,17,1574419633,0
1102회,2024-01-13,13,14,22,26,37,38,20,20,1383591413,0
1101회,2024-01-06,6,7,13,28,36,42,41,13,2100529500,0
1100회,2023-12-30,17,26,29,30,31,43,12,13,2207575472,0
1099회,2023-12-23,3,20,28,38,40,43,4,9,2959934125,0
1098회,2023-12-16,12,16,21,24,41,43,15,13,1930461895,0
1097회,2023-12-09,14,33,34,35,37,40,4,7,3864293090,0
1096회,2023-12-02,1,12,16,19,23,43,34,10,2539391175,0
1095회,2023-11-25,8,14,28,29,34,40,12,10,2617825575,0
1094회,2023-11-18,6,7,15,22,26,40,41,12,2112854469,0
1093회,2023-11-11,10,17,22,30,35,43,44,13,1967040750,0
1092회,2023-11-04,7,18,19,26,33,45,37,16,1583289844,0
1091회,2023-10-28,6,20,23,24,28,30,44,9,2898470459,0
1090회,2023-10-21,12,19,21,29,40,45,1,11,2386494614,0
1089회,2023-10-14,4,18,31,37,42,43,40,9,2978522167,0
1088회,2023-10-07,11,21,22,30,39,44,31,11,2434697898,0
1087회,2023-09-30,13,14,18,21,34,44,16,16,1732253602,0
1086회,2023-09-23,11,16,25,27,35,36,37,17,1515913809,0
1085회,2023-09-16,4,7,17,18,38,44,36,23,1073277473,0
1084회,2023-09-09,8,12,13,29,33,42,5,15,1738764600,0
1083회,2023-09-02,3,7,14,15,22,38,17,15,1713084525,0
1082회,2023-08-26,21,26,27,32,34,42,31,7,3720489643,0
1081회,2023-08-19,1,9,16,23,24,38,17,11,2343892944,0
1080회,2023-08-12,13,16,23,31,36,44,38,7,3639444429,0
1079회,2023-08-05,4,8,18,24,37,45,6,9,2712329417,0
1078회,2023-07-29,6,10,11,14,36,38,43,12,2141604938,0
1077회,2023-07-22,4,8,17,30,40,43,34,7,3570901018,0
1076회,2023-07-15,3,7,9,33,36,37,10,9,2672689750,0
1075회,2023-07-08,1,23,24,35,44,45,10,9,2896337167,0
1074회,2023-07-01,1,6,20,27,28,41,15,12,2134763657,0
1073회,2023-06-24,6,18,28,30,32,38,15,11,2345227603,0
1072회,2023-06-17,16,18,20,23,32,43,27,12,2175006375,0
1071회,2023-06-10,1,2,11,21,30,35,39,5,5183979750,0
1070회,2023-06-03,3,6,14,22,30,41,36,14,1859116929,0
1069회,2023-05-27,1,10,18,22,28,31,44,14,1863217554,0
1068회,2023-05-20,4,7,19,26,33,35,3,19,1363929514,0
1067회,2023-05-13,7,10,19,23,28,33,18,13,1981114010,0
1066회,2023-05-06,6,11,16,19,21,32,45,15,1670947250,0
1065회,2023-04-29,3,18,19,23,32,45,24,14,1852593938,0
1064회,2023-04-22,3,6,9,18,22,35,14,19,1348168106,0
1063회,2023-04-15,3,6,22,23,24,38,30,7,3770311875,0
1062회,2023-04-08,20,31,32,40,41,45,12,7,3801933804,0
1061회,2023-04-01,4,24,27,35,37,45,15,11,2422768773,0
1060회,2023-03-25,3,10,24,33,38,45,36,28,898238907,0
1059회,2023-03-18,7,10,22,25,34,40,27,13,2033168481,0
1058회,2023-03-11,11,23,25,30,32,40,42,13,2058020250,0
1057회,2023-03-04,8,13,19,27,40,45,12,17,1616069714,0
1056회,2023-02-25,13,20,24,32,36,45,29,14,1969662456,0
1055회,2023-02-18,4,7,12,14,22,33,31,11,2362815205,0
1054회,2023-02-11,14,19,27,28,30,45,33,9,3147925709,0
1053회,2023-02-04,22,26,29,30,34,45,15,7,4090367411,0
1052회,2023-01-28,5,17,26,27,35,38,1,11,2341682762,0
1051회,2023-01-21,21,26,30,32,33,35,44,18,1669558480,0
1050회,2023-01-14,6,12,31,35,38,43,17,17,1535083280,0
1049회,2023-01-07,3,5,13,20,21,37,17,15,1727810100,0
1048회,2022-12-31,6,12,17,21,32,39,30,17,1612494508,0
1047회,2022-12-24,2,20,33,40,42,44,32,9,2748797875,0
1046회,2022-12-17,7,16,25,29,35,36,28,12,2011415719,0
1045회,2022-12-10,6,14,15,19,21,41,37,13,1990060443,0
1044회,2022-12-03,12,17,20,26,28,36,4,8,3136941235,0
1043회,2022-11-26,3,5,12,22,26,31,19,17,1468646956,0
1042회,2022-11-19,5,14,15,23,34,43,4,20,1240663669,0
1041회,2022-11-12,6,7,9,11,17,18,45,25,935091165,0
1040회,2022-11-05,8,16,26,29,31,36,11,7,3660482625,0
1039회,2022-10-29,2,3,6,19,36,39,26,16,1585019672,0
1038회,2022-10-22,7,16,24,27,37,44,2,15,1627457225,0
1037회,2022-10-15,2,14,15,22,27,33,31,15,1708576825,0
1036회,2022-10-08,2,5,22,32,34,45,39,9,2837323167,0
1035회,2022-10-01,9,14,34,35,41,42,2,8,3231193735,0
1034회,2022-09-24,26,31,32,33,38,40,11,9,2868856209,0
1033회,2022-09-17,3,11,15,20,35,44,10,13,1913414943,0
1032회,2022-09-10,1,6,12,19,36,42,28,10,2675257538,0
1031회,2022-09-03,6,7,22,32,35,36,19,8,3213957563,0
1030회,2022-08-27,2,5,11,17,24,29,9,19,1276406507,0
1029회,2022-08-20,12,30,32,37,39,41,24,10,2527848450,0
1028회,2022-08-13,5,7,12,13,18,35,23,20,1181235132,0
1027회,2022-08-06,14,16,27,35,39,45,5,10,2460504338,0
1026회,2022-07-30,5,12,13,31,32,41,34,15,1619118475,0
1025회,2022-07-23,8,9,20,25,29,33,7,4,6118853344,0
1024회,2022-07-16,9,18,20,22,38,44,10,8,3020323500,0
1023회,2022-07-09,10,14,16,18,29,35,25,9,2745677875,0
1022회,2022-07-02,5,6,11,29,42,45,28,5,4866468075,0
1021회,2022-06-25,12,15,17,24,29,45,16,12,2108962250,0
1020회,2022-06-18,12,27,29,38,41,45,6,13,1966431520,0
1019회,2022-06-11,1,4,13,17,34,39,6,50,438565140,0
1018회,2022-06-04,3,19,21,25,37,45,35,2,12361744688,0
1017회,2022-05-28,12,18,22,23,30,34,32,7,3517684822,0
1016회,2022-05-21,15,26,28,34,41,42,44,11,2260660671,0
1015회,2022-05-14,14,23,31,33,37,40,44,8,3051105610,0
1014회,2022-05-07,3,11,14,18,26,27,21,10,2410449338,0
1013회,2022-04-30,21,22,26,34,36,41,32,5,5047570725,0
1012회,2022-04-23,5,11,18,20,35,45,3,13,1861944318,0
1011회,2022-04-16,1,9,12,26,35,38,42,11,2220348512,0
1010회,2022-04-09,9,12,15,25,34,36,3,8,3119380079,0
1009회,2022-04-02,15,23,29,34,40,44,20,15,1702462825,0
1008회,2022-03-26,9,11,30,31,41,44,33,11,2267377910,0
1007회,2022-03-19,8,11,16,19,21,25,40,9,2718786375,0
1006회,2022-03-12,8,11,15,16,17,37,36,9,2855602125,0
1005회,2022-03-05,8,13,18,24,27,29,17,12,2061199344,0
1004회,2022-02-26,7,15,30,37,39,44,18,10,2576251913,0
1003회,2022-02-19,1,4,29,39,43,45,31,14,1811116822,0
1002회,2022-02-12,17,25,33,35,38,45,15,8,3088449563,0
1001회,2022-02-05,6,10,12,14,20,42,15,12,2077279594,0
1000회,2022-01-29,2,8,19,22,32,42,39,22,1246819620,0
999회,2022-01-22,1,3,9,14,18,28,34,16,1513274790,0
998회,2022-01-15,13,17,18,20,42,45,41,12,2076499657,0
997회,2022-01-08,4,7,14,16,24,44,20,19,1253749560,0
996회,2022-01-01,6,11,15,24,32,39,28,18,1491185771,0
995회,2021-12-25,1,4,13,29,38,39,7,7,3447271875,0
994회,2021-12-18,1,3,8,24,27,35,28,12,1861582063,0
993회,2021-12-11,6,14,16,18,24,42,44,6,3991197063,0
992회,2021-12-04,12,20,26,33,44,45,24,12,1986955563,0
991회,2021-11-27,13,18,25,31,33,44,38,8,2904166032,0
990회,2021-11-20,2,4,25,26,36,37,28,14,1740095277,0
989회,2021-11-13,17,18,21,27,29,33,26,4,5826768563,0
988회,2021-11-06,2,13,20,30,31,41,27,9,2678489375,0
987회,2021-10-30,2,4,15,23,29,38,7,10,2378711625,0
986회,2021-10-23,7,10,16,28,41,42,40,10,2375275125,0
985회,2021-10-16,17,21,23,30,34,44,19,10,2434752975,0
984회,2021-10-09,3,10,23,35,36,37,18,7,3453006268,0
983회,2021-10-02,13,23,26,31,35,43,15,10,2503422225,0
982회,2021-09-25,5,7,13,20,21,44,33,8,3023630672,0
981회,2021-09-18,27,36,37,41,43,45,32,13,1992863193,0
980회,2021-09-11,3,13,16,23,24,35,14,7,3409443215,0
979회,2021-09-04,7,11,16,21,27,33,24,14,1606400518,0
978회,2021-08-28,1,7,15,32,34,42,8,10,2373391388,0
977회,2021-08-21,2,9,10,14,22,44,16,14,1669905911,0
976회,2021-08-14,4,12,14,25,35,37,2,7,3243867215,0
975회,2021-08-07,7,8,9,17,22,24,5,9,2440410375,0
974회,2021-07-31,1,2,11,16,39,44,32,17,1317034523,0
973회,2021-07-24,22,26,31,37,41,42,24,8,2912742750,0
972회,2021-07-17,3,6,17,23,37,39,26,20,1124886244,0
971회,2021-07-10,2,6,17,18,21,26,7,6,3725880250,0
970회,2021-07-03,9,11,16,21,28,36,5,14,1611544045,0
969회,2021-06-26,3,9,10,29,40,45,7,20,1149427894,0
968회,2021-06-19,2,5,12,14,24,39,33,13,1667729683,0
967회,2021-06-12,1,6,13,37,38,40,9,4,5809776094,0
966회,2021-06-05,1,21,25,29,34,37,36,10,2411303513,0
965회,2021-05-29,2,13,25,28,29,36,34,7,3403348929,0
964회,2021-05-22,6,21,36,38,39,43,30,10,2345861063,0
963회,2021-05-15,6,12,19,23,34,42,35,15,1476478125,0
962회,2021-05-08,1,18,28,31,34,43,40,12,1940906094,0
961회,2021-05-01,11,20,29,31,33,42,43,9,2575231209,0
960회,2021-04-24,2,18,24,30,32,45,14,10,2401133213,0
959회,2021-04-17,1,14,15,24,40,41,35,8,3015312891,0
958회,2021-04-10,2,9,10,16,35,37,1,15,1596119675,0
957회,2021-04-03,4,15,24,35,36,40,1,11,2126634137,0
956회,2021-03-27,10,11,20,21,25,41,40,11,2022982671,0
955회,2021-03-20,4,9,23,26,29,33,8,12,2023170188,0
954회,2021-03-13,1,9,26,28,30,41,32,10,2478795900,0
953회,2021-03-06,7,9,22,27,37,42,34,14,1640636009,0
952회,2021-02-27,4,12,22,24,33,41,38,9,2713699834,0
951회,2021-02-20,2,12,30,31,39,43,38,14,1747552661,0
950회,2021-02-13,3,4,15,22,28,40,10,8,3281920500,0
949회,2021-02-06,14,21,35,36,40,44,30,10,2458569713,0
948회,2021-01-30,13,18,30,31,38,41,5,11,2188548716,0
947회,2021-01-23,3,8,17,20,27,35,26,18,1275855750,0
946회,2021-01-16,9,18,19,30,34,40,20,11,2157656182,0
945회,2021-01-09,9,10,15,30,33,37,26,13,1765554491,0
944회,2021-01-02,2,13,16,19,32,33,42,13,1961836356,0
943회,2020-12-26,1,8,13,36,44,45,39,7,3435045108,0
942회,2020-12-19,10,12,18,35,42,43,39,6,3761680313,0
941회,2020-12-12,12,14,25,27,39,40,35,16,1347297422,0
940회,2020-12-05,3,15,20,22,24,41,11,8,2846071079,0
939회,2020-11-28,4,11,28,39,42,45,6,13,1708363039,0
938회,2020-11-21,4,8,10,16,31,36,9,10,2249466563,0
937회,2020-11-14,2,10,13,22,29,40,26,11,2058420819,0
936회,2020-11-07,7,11,13,17,18,29,43,14,1492069179,0
935회,2020-10-31,4,10,20,32,38,44,18,13,1711055424,0
934회,2020-10-24,1,3,30,33,36,39,12,4,5765772844,0
933회,2020-10-17,23,27,29,31,36,45,37,8,2927797079,0
932회,2020-10-10,1,6,15,36,37,38,5,7,3390022983,0
931회,2020-10-03,14,15,23,25,35,43,32,8,2957108063,0
930회,2020-09-26,8,21,25,38,39,44,28,8,2832418829,0
929회,2020-09-19,7,9,12,15,19,23,4,16,1308035157,0
928회,2020-09-12,3,4,10,20,28,44,30,7,3134591358,0
927회,2020-09-05,4,15,22,38,41,43,26,6,3714203875,0
926회,2020-08-29,10,16,18,20,25,31,6,10,2032490663,0
925회,2020-08-22,13,24,32,34,39,42,4,12,1771080532,0
924회,2020-08-15,3,11,34,42,43,44,13,9,2382430667,0
923회,2020-08-08,3,17,18,23,36,41,26,8,2667554625,0
922회,2020-08-01,2,6,13,17,27,43,36,6,3417904500,0
921회,2020-07-25,5,7,12,22,28,41,1,17,1232573405,0
920회,2020-07-18,2,3,26,33,34,43,29,7,3120260197,0
919회,2020-07-11,9,14,17,18,42,44,35,5,4305150450,0
918회,2020-07-04,7,11,12,31,33,38,5,18,1117622646,0
917회,2020-06-27,1,3,23,24,27,43,34,10,2144799638,0
916회,2020-06-20,6,21,22,32,35,36,17,11,2025384341,0
915회,2020-06-13,2,6,11,13,22,37,14,6,3518640500,0
914회,2020-06-06,16,19,24,33,42,44,27,11,1950005557,0
913회,2020-05-30,6,14,16,21,27,37,40,16,1338755602,0
912회,2020-05-23,5,8,18,21,22,38,10,14,1493500581,0
911회,2020-05-16,4,5,12,14,32,42,35,10,2113538625,0
910회,2020-05-09,1,11,17,27,35,39,31,21,941316375,0
909회,2020-05-02,7,24,29,30,34,35,33,11,2021062875,0
908회,2020-04-25,3,16,21,22,23,44,30,8,2834856141,0
907회,2020-04-18,21,27,29,38,40,44,37,7,3165059036,0
906회,2020-04-11,2,5,14,28,31,32,20,9,2472607250,0
905회,2020-04-04,3,4,16,27,38,40,20,7,3017862536,0
904회,2020-03-28,2,6,8,26,43,45,11,8,2718077813,0
903회,2020-03-21,2,15,16,21,22,28,45,13,1684582212,0
902회,2020-03-14,7,19,23,24,36,39,30,13,1619317529,0
901회,2020-03-07,5,18,20,23,30,34,21,9,2267974667,0
900회,2020-02-29,7,13,16,18,35,38,14,6,3349851375,0
899회,2020-02-22,8,19,20,21,33,39,37,6,3359356063,0
898회,2020-02-15,18,21,28,35,37,42,17,8,2639313235,0
897회,2020-02-08,6,7,12,22,26,36,29,13,1619922520,0
896회,2020-02-01,5,12,25,26,38,45,23,7,3053222036,0
895회,2020-01-25,16,26,31,38,39,41,23,12,1928079219,0
894회,2020-01-18,19,32,37,40,41,43,45,9,2377935959,0
893회,2020-01-11,1,15,17,23,25,41,10,9,2377433625,0
892회,2020-01-04,4,9,17,18,26,42,36,17,1282017464,0
891회,2019-12-28,9,13,28,31,39,41,19,7,3082673947,0
890회,2019-12-21,1,4,14,18,29,37,6,9,2335486167,0
889회,2019-12-14,3,13,29,38,39,42,26,10,2108986950,0
888회,2019-12-07,3,7,12,31,34,38,32,8,2370359204,0
887회,2019-11-30,8,14,17,27,36,45,10,8,2535268688,0
886회,2019-11-23,19,23,28,37,42,45,2,7,2974643786,0
885회,2019-11-16,1,3,24,27,39,45,31,13,1543832568,0
884회,2019-11-09,4,14,23,28,37,45,17,12,1799077282,0
883회,2019-11-02,9,18,32,33,37,44,22,15,1360519525,0
882회,2019-10-26,18,34,39,43,44,45,23,5,4127270400,0
881회,2019-10-19,4,18,20,26,27,32,9,8,2503212282,0
880회,2019-10-12,7,17,19,23,24,45,38,7,2837810465,0
879회,2019-10-05,1,4,10,14,15,35,20,6,3206361313,0
878회,2019-09-28,2,6,11,16,25,31,3,6,3207993500,0
877회,2019-09-21,5,17,18,22,23,43,12,12,1716607188,0
876회,2019-09-14,5,16,21,26,34,42,24,19,1090657856,0
875회,2019-09-07,19,22,30,34,39,44,36,14,1415946724,0
874회,2019-08-31,1,15,19,23,28,42,32,18,1117123917,0
873회,2019-08-24,3,5,12,13,33,39,38,10,1874553225,0
872회,2019-08-17,2,4,30,32,33,43,29,16,1262705579,0
871회,2019-08-10,2,6,12,26,30,34,38,7,2718071358,0
870회,2019-08-03,21,25,30,32,40,42,31,10,1928842988,0
869회,2019-07-27,2,6,20,27,37,39,4,10,1922582588,0
868회,2019-07-20,12,17,28,41,43,44,25,6,3233804250,0
867회,2019-07-13,14,17,19,22,24,40,41,5,3933755250,0
866회,2019-07-06,9,15,29,34,37,39,12,9,2240409000,0
865회,2019-06-29,3,15,22,32,33,45,2,13,1551729145,0
864회,2019-06-22,3,7,10,13,25,36,32,11,1716553637,0
863회,2019-06-15,16,21,28,35,39,43,12,7,2853357322,0
862회,2019-06-08,10,34,38,40,42,43,32,9,2190922709,0
861회,2019-06-01,11,17,19,21,22,25,24,4,4872108844,0
860회,2019-05-25,4,8,18,25,27,32,42,10,1879899825,0
859회,2019-05-18,8,22,35,38,39,41,24,11,1853927489,0
858회,2019-05-11,9,13,32,38,39,43,23,9,2202347459,0
857회,2019-05-04,6,10,16,28,34,38,43,15,1284915425,0
856회,2019-04-27,10,24,40,41,43,44,17,5,3977927550,0
855회,2019-04-20,8,15,17,19,43,44,7,9,2269510500,0
854회,2019-04-13,20,25,31,32,36,43,3,6,3421706750,0
853회,2019-04-06,2,8,23,26,27,44,13,7,2885006786,0
852회,2019-03-30,11,17,28,30,33,35,9,4,4801543407,0
851회,2019-03-23,14,18,22,26,31,44,40,8,2483692313,0
850회,2019-03-16,16,20,24,28,36,39,5,6,3377587875,0
849회,2019-03-09,5,13,17,29,34,39,3,17,1158252883,0
848회,2019-03-02,1,2,16,22,38,39,34,7,3011580858,0
847회,2019-02-23,12,16,26,28,30,42,22,8,2520846657,0
846회,2019-02-16,5,18,30,41,43,45,13,13,1596884395,0
845회,2019-02-09,1,16,29,33,40,45,6,11,1891217182,0
844회,2019-02-02,7,8,13,15,33,45,18,18,1162963542,0
843회,2019-01-26,19,21,30,33,34,42,4,5,4012970100,0
842회,2019-01-19,14,26,32,36,39,42,38,10,2035475025,0
841회,2019-01-12,5,11,14,30,33,38,24,17,1116095714,0
840회,2019-01-05,2,4,11,28,29,43,27,10,2042961788,0
839회,2018-12-29,3,9,11,12,13,19,35,13,1359454904,0
838회,2018-12-22,9,14,17,33,36,38,20,5,3813733050,0
837회,2018-12-15,2,25,28,30,33,45,6,6,3144449125,0
836회,2018-12-08,1,9,11,14,26,28,19,14,1257843670,0
835회,2018-12-01,9,10,13,28,38,45,35,15,1233681125,0
834회,2018-11-24,6,8,18,35,42,43,3,11,1690693671,0
833회,2018-11-17,12,18,30,39,41,42,19,8,2356317282,0
832회,2018-11-10,13,14,19,26,40,43,30,9,2088204584,0
831회,2018-11-03,3,10,16,19,31,39,9,16,1110702258,0
830회,2018-10-27,5,6,16,18,37,38,17,9,2060528750,0
829회,2018-10-20,4,5,31,35,43,45,29,8,2444650641,0
828회,2018-10-13,4,7,13,29,31,39,18,13,1455185972,0
827회,2018-10-06,5,11,12,29,33,44,14,15,1206500375,0
826회,2018-09-29,13,16,24,25,33,36,42,9,2075192084,0
825회,2018-09-22,8,15,21,31,33,38,42,12,1658710563,0
824회,2018-09-15,7,9,24,29,34,38,26,15,1256646550,0
823회,2018-09-08,12,18,24,26,39,40,15,9,2009843917,0
822회,2018-09-01,9,18,20,24,27,36,12,3,5930898625,0
821회,2018-08-25,1,12,13,24,29,44,16,14,1316155956,0
820회,2018-08-18,10,21,22,30,35,42,6,4,4627313532,0
819회,2018-08-11,16,25,33,38,40,45,15,7,2594534840,0
818회,2018-08-04,14,15,25,28,29,30,3,13,1380804318,0
817회,2018-07-28,3,9,12,13,25,43,34,9,1868477334,0
816회,2018-07-21,12,18,19,29,31,39,7,8,2128107938,0
815회,2018-07-14,17,21,25,26,27,36,4,7,2579855358,0
814회,2018-07-07,2,21,28,38,42,45,30,6,3067192063,0
813회,2018-06-30,11,30,34,35,42,44,27,4,4591763157,0
812회,2018-06-23,1,3,12,14,16,43,10,6,2947954750,0
811회,2018-06-16,8,11,19,21,36,45,25,7,2524148197,0
810회,2018-06-09,5,10,13,21,39,43,11,8,2231598047,0
809회,2018-06-02,6,11,15,17,23,40,39,6,2921372750,0
808회,2018-05-26,15,21,31,32,41,43,24,6,3087620500,0
807회,2018-05-19,6,10,18,25,34,35,33,7,2437662322,0
806회,2018-05-12,14,20,23,31,37,38,27,7,2640760875,0
805회,2018-05-05,3,12,13,18,31,32,42,4,4266061969,0
804회,2018-04-28,1,10,13,26,32,36,9,11,1631996523,0
803회,2018-04-21,5,9,14,26,30,43,2,5,3663810225,0
802회,2018-04-14,10,11,12,18,24,42,27,16,1082947993,0
801회,2018-04-07,17,25,28,37,43,44,2,8,2256786657,0
800회,2018-03-31,1,4,10,12,28,45,26,11,1632246205,0
799회,2018-03-24,12,17,23,34,42,45,33,10,1826427225,0
798회,2018-03-17,2,10,14,22,32,36,41,7,2710791911,0
797회,2018-03-10,5,22,31,32,39,45,36,8,2397028125,0
796회,2018-03-03,1,21,26,36,40,41,5,7,2763490340,0
795회,2018-02-24,3,10,13,26,34,38,36,11,1714977000,0
794회,2018-02-17,6,7,18,19,30,38,13,7,2650940304,0
793회,2018-02-10,10,15,21,35,38,43,31,5,3750146775,0
792회,2018-02-03,2,7,19,25,29,36,16,7,2655736768,0
791회,2018-01-27,2,10,12,31,33,42,32,14,1253081893,0
790회,2018-01-20,3,8,19,27,30,41,12,16,1160516274,0
789회,2018-01-13,2,6,7,12,19,45,38,15,1140976825,0
788회,2018-01-06,2,10,11,19,35,39,29,13,1401475154,0
787회,2017-12-30,5,6,13,16,27,28,9,6,3092108313,0
786회,2017-12-23,12,15,16,20,24,30,38,4,4551365250,0
785회,2017-12-16,4,6,15,25,26,33,40,6,2886622688,0
784회,2017-12-09,3,10,23,24,31,39,22,9,1908678000,0
783회,2017-12-02,14,15,16,17,38,45,36,4,4603964625,0
782회,2017-11-25,6,18,31,34,38,45,20,9,1946487625,0
781회,2017-11-18,11,16,18,19,24,39,43,9,1882891542,0
780회,2017-11-11,15,17,19,21,27,45,16,11,1667520137,0
779회,2017-11-04,6,12,19,24,34,41,4,11,1527709296,0
778회,2017-10-28,6,21,35,36,37,41,11,3,6264069500,0
777회,2017-10-21,6,12,17,21,34,37,18,21,833468036,0
776회,2017-10-14,8,9,18,21,28,40,20,7,2557579393,0
775회,2017-10-07,11,12,29,33,38,42,17,5,3470437650,0
774회,2017-09-30,12,15,18,28,34,42,9,11,1709721512,0
773회,2017-09-23,8,12,19,21,31,35,44,11,1609403080,0
772회,2017-09-16,5,6,11,14,21,41,32,10,1769608838,0
771회,2017-09-09,6,10,17,18,21,29,30,4,4362644907,0
770회,2017-09-02,1,9,12,23,39,43,34,8,2163099329,0
769회,2017-08-26,5,7,11,16,41,45,4,9,1930760042,0
768회,2017-08-19,7,27,29,30,38,44,4,13,1363572260,0
767회,2017-08-12,5,15,20,31,34,42,22,15,1163768725,0
766회,2017-08-05,9,30,34,35,39,41,21,8,2173637297,0
765회,2017-07-29,1,3,8,12,42,43,33,15,1109214250,0
764회,2017-07-22,7,22,24,31,34,36,15,7,2459975465,0
763회,2017-07-15,3,8,16,32,34,43,10,8,2138130000,0
762회,2017-07-08,1,3,12,21,26,41,16,10,1631432063,0
761회,2017-07-01,4,7,11,24,42,45,30,7,2392730518,0
760회,2017-06-24,10,22,27,31,42,43,12,8,2253299391,0
759회,2017-06-17,9,33,36,40,42,43,32,6,3032670500,0
758회,2017-06-10,5,9,12,30,39,43,24,8,2078969954,0
757회,2017-06-03,6,7,11,17,33,44,1,21,739839858,0
756회,2017-05-27,10,14,16,18,27,28,4,5,3414434700,0
755회,2017-05-20,13,14,26,28,30,36,37,8,2214427266,0
754회,2017-05-13,2,8,17,24,29,31,32,5,3427542000,0
753회,2017-05-06,2,17,19,24,37,41,3,6,2711105063,0
752회,2017-04-29,4,16,20,33,40,43,7,9,1870358834,0
751회,2017-04-22,3,4,16,20,28,44,17,8,2097968110,0
750회,2017-04-15,1,2,15,19,24,36,12,7,2522104286,0
749회,2017-04-08,12,14,24,26,34,45,41,13,1350104395,0
748회,2017-04-01,3,10,13,22,31,32,29,9,1928246542,0
747회,2017-03-25,7,9,12,14,23,28,17,9,1903214584,0
746회,2017-03-18,3,12,33,36,42,45,25,9,2038623709,0
745회,2017-03-11,1,2,3,9,12,23,10,20,746822982,0
744회,2017-03-04,10,15,18,21,34,41,43,15,1155411575,0
743회,2017-02-25,15,19,21,34,41,44,10,7,2608641000,0
742회,2017-02-18,8,10,13,36,37,40,6,16,1111814813,0
741회,2017-02-11,5,21,27,34,44,45,16,6,3043595938,0
740회,2017-02-04,4,8,9,16,17,19,31,18,936929792,0
739회,2017-01-28,7,22,29,33,34,35,30,4,4744122282,0
738회,2017-01-21,23,27,28,38,42,43,36,11,1634191091,0
737회,2017-01-14,13,15,18,24,27,41,11,4,4283061000,0
736회,2017-01-07,2,11,17,18,21,27,6,5,3397362225,0
735회,2016-12-31,5,10,13,27,37,41,4,10,1847231588,0
734회,2016-12-24,6,16,37,38,41,45,18,9,1949395500,0
733회,2016-12-17,11,24,32,33,35,40,13,4,4016725125,0
732회,2016-12-10,2,4,5,17,27,32,43,7,2203270608,0
731회,2016-12-03,2,7,13,25,42,45,39,7,2340471054,0
730회,2016-11-26,4,10,14,15,18,22,39,8,2017382110,0
729회,2016-11-19,11,17,21,26,36,45,16,4,4198250719,0
728회,2016-11-12,3,6,10,30,34,37,36,5,3243464400,0
727회,2016-11-05,7,8,10,19,21,31,20,14,1115107742,0
726회,2016-10-29,1,11,21,23,34,44,24,14,1166872634,0
725회,2016-10-22,6,7,19,21,41,43,38,11,1579217250,0
724회,2016-10-15,2,8,33,35,37,41,14,12,1427789813,0
723회,2016-10-08,20,30,33,35,36,44,22,8,2114365360,0
722회,2016-10-01,12,14,21,30,39,43,45,4,4365422719,0
721회,2016-09-24,1,28,35,41,43,44,31,8,2273767360,0
720회,2016-09-17,1,12,29,34,36,37,41,14,1233770358,0
719회,2016-09-10,4,8,13,19,20,43,26,9,1879581334,0
718회,2016-09-03,4,11,20,23,32,39,40,17,926166464,0
717회,2016-08-27,2,11,19,25,28,32,44,6,2702433688,0
716회,2016-08-20,2,6,13,16,29,30,21,12,1358752157,0
715회,2016-08-13,2,7,27,33,41,44,10,6,2605510438,0
714회,2016-08-06,1,7,22,33,37,40,20,7,2085131733,0
713회,2016-07-30,2,5,15,18,19,23,44,9,1714720917,0
712회,2016-07-23,17,20,30,31,33,45,19,4,4034485125,0
711회,2016-07-16,11,15,24,35,37,45,42,7,2277413358,0
710회,2016-07-09,3,4,9,24,25,33,10,5,2895441150,0
709회,2016-07-02,10,18,30,36,39,44,32,14,1165271625,0
708회,2016-06-25,2,10,16,19,34,45,1,4,4099552219,0
707회,2016-06-18,2,12,19,24,39,44,35,12,1322167313,0
706회,2016-06-11,3,4,6,10,28,30,37,4,3831746063,0
705회,2016-06-04,1,6,17,22,28,45,23,4,3987206532,0
704회,2016-05-28,1,4,8,23,33,42,45,4,3865190344,0
703회,2016-05-21,10,28,31,33,41,44,21,5,3235784100,0
702회,2016-05-14,3,13,16,24,26,29,9,11,1465091387,0
701회,2016-05-07,3,10,14,16,36,38,35,10,1583183175,0
700회,2016-04-30,11,23,28,29,30,44,13,8,2082099188,0
699회,2016-04-23,4,5,8,16,21,29,3,8,1995411375,0
698회,2016-04-16,3,11,13,21,33,37,18,8,1921084125,0
697회,2016-04-09,2,5,8,11,33,39,31,10,1531443038,0
696회,2016-04-02,1,7,16,18,34,38,21,10,1632054413,0
695회,2016-03-26,4,18,26,33,34,38,14,11,1450214830,0
694회,2016-03-19,7,15,20,25,33,43,12,10,1555036388,0
693회,2016-03-12,1,6,11,28,34,42,30,10,1642763813,0
692회,2016-03-05,3,11,14,15,32,36,44,7,2301273697,0
691회,2016-02-27,15,27,33,35,43,45,16,6,2839296750,0
690회,2016-02-20,24,25,33,34,38,39,43,15,1126507625,0
689회,2016-02-13,7,17,19,30,36,38,34,7,2321775911,0
688회,2016-02-06,5,15,22,23,34,35,2,9,1967536750,0
687회,2016-01-30,1,8,10,13,28,42,45,6,2720029313,0
686회,2016-01-23,7,12,15,24,25,43,13,8,1937531719,0
685회,2016-01-16,6,7,12,28,38,40,18,11,1494367671,0
684회,2016-01-09,1,11,15,17,25,39,40,9,1688815709,0
683회,2016-01-02,6,13,20,27,28,40,15,16,1010930883,0
682회,2015-12-26,17,23,27,35,38,43,2,4,4063713563,0
681회,2015-12-19,21,24,27,29,43,44,7,6,2696328938,0
680회,2015-12-12,4,10,19,29,32,42,30,14,1110570563,0
679회,2015-12-05,3,5,7,14,26,34,35,5,2863005600,0
678회,2015-11-28,4,5,6,12,25,37,45,6,2288490188,0
677회,2015-11-21,12,15,24,36,41,44,42,8,1921114407,0
676회,2015-11-14,1,8,17,34,39,45,27,8,1879726500,0
675회,2015-11-07,1,8,11,15,18,45,7,4,3514549032,0
674회,2015-10-31,9,10,14,25,27,31,11,8,1770565500,0
673회,2015-10-24,7,10,17,29,33,44,5,10,1491453300,0
672회,2015-10-17,8,21,28,31,36,45,43,9,1754745000,0
671회,2015-10-10,7,9,10,13,31,35,24,4,3722322844,0
670회,2015-10-03,11,18,26,27,40,41,25,12,1191725219,0
669회,2015-09-26,7,8,20,29,33,38,9,6,2708173188,0
668회,2015-09-19,12,14,15,24,27,32,3,5,2991158625,0
667회,2015-09-12,15,17,25,37,42,43,13,7,2228764393,0
666회,2015-09-05,2,4,6,11,17,28,16,6,2396901063,0
665회,2015-08-29,5,6,11,17,38,44,13,4,3643230375,0
664회,2015-08-22,10,20,33,36,41,44,5,10,1536801338,0
663회,2015-08-15,3,5,8,19,38,42,20,7,2080244143,0
662회,2015-08-08,5,6,9,11,15,37,26,8,1689733688,0
661회,2015-08-01,2,3,12,20,27,38,40,8,1713025547,0
660회,2015-07-25,4,9,23,33,39,44,14,10,1421272575,0
659회,2015-07-18,7,18,19,27,29,42,45,11,1336604216,0
658회,2015-07-11,8,19,25,28,32,36,37,9,1634031375,0
657회,2015-07-04,10,14,19,39,40,43,23,9,1694762792,0
656회,2015-06-27,3,7,14,16,31,40,39,2,7330002750,0
655회,2015-06-20,7,37,38,39,40,44,18,9,1661439625,0
654회,2015-06-13,16,21,26,31,36,43,6,8,1879301391,0
653회,2015-06-06,5,6,26,27,38,39,1,14,980958670,0
652회,2015-05-30,3,13,15,40,41,44,20,5,3003483525,0
651회,2015-05-23,11,12,16,26,29,44,18,8,1855306454,0
650회,2015-05-16,3,4,7,11,31,41,35,5,2849298900,0
649회,2015-05-09,3,21,22,33,41,42,20,5,2948042100,0
648회,2015-05-02,13,19,28,37,38,43,4,7,2120987947,0
647회,2015-04-25,5,16,21,23,24,30,29,7,2189725608,0
646회,2015-04-18,2,9,24,41,43,45,30,7,2215498393,0
645회,2015-04-11,1,4,16,26,40,41,31,4,3696297750,0
644회,2015-04-04,5,13,17,23,28,36,8,8,1831451204,0
643회,2015-03-28,15,24,31,32,33,40,13,6,2535763625,0
642회,2015-03-21,8,17,18,24,39,45,32,12,1251460438,0
641회,2015-03-14,11,18,21,36,37,43,12,8,1990074563,0
640회,2015-03-07,14,15,18,21,26,35,23,9,1728768834,0
639회,2015-02-28,6,15,22,23,25,32,40,4,4061185219,0
638회,2015-02-21,7,18,22,24,31,34,6,7,2229403179,0
637회,2015-02-14,3,16,22,37,38,44,23,4,3899241094,0
636회,2015-02-07,6,7,15,16,20,31,26,8,1832362219,0
635회,2015-01-31,11,13,25,26,29,33,32,8,1855587235,0
634회,2015-01-24,4,10,11,12,20,27,38,13,1077935106,0
633회,2015-01-17,9,12,19,20,39,41,13,12,1217257094,0
632회,2015-01-10,15,18,21,32,35,44,6,11,1432587716,0
631회,2015-01-03,1,2,4,23,31,34,8,4,3919853532,0
630회,2014-12-27,8,17,21,24,27,31,15,3,4836305500,0
629회,2014-12-20,19,28,31,38,43,44,1,5,2919433575,0
628회,2014-12-13,1,7,12,15,23,42,11,9,1499942875,0
627회,2014-12-06,2,9,22,25,31,45,12,10,1352230650,0
626회,2014-11-29,13,14,26,33,40,43,15,8,1717871110,0
625회,2014-11-22,3,6,7,20,21,39,13,5,2765184675,0
624회,2014-11-15,1,7,19,26,27,35,16,5,2763729450,0
623회,2014-11-08,7,13,30,39,41,45,25,8,1813702594,0
622회,2014-11-01,9,15,16,21,28,34,24,9,1630598292,0
621회,2014-10-25,1,2,6,16,19,42,9,6,2359723500,0
620회,2014-10-18,2,16,17,32,39,45,40,7,2028283233,0
619회,2014-10-11,6,8,13,30,35,40,21,3,4612479375,0
618회,2014-10-04,8,16,25,30,42,43,15,5,2881326225,0
617회,2014-09-27,4,5,11,12,24,27,28,8,1629701860,0
616회,2014-09-20,5,13,18,23,40,45,3,9,1611811250,0
615회,2014-09-13,10,17,18,19,23,27,35,9,1535062417,0
614회,2014-09-06,8,21,25,39,40,44,18,6,2540975438,0
613회,2014-08-30,7,8,11,16,41,44,35,9,1549831209,0
612회,2014-08-23,6,9,18,19,25,33,40,11,1181705250,0
611회,2014-08-16,2,22,27,33,36,37,14,4,3502706157,0
610회,2014-08-09,14,18,20,23,28,36,33,4,3516018375,0
609회,2014-08-02,4,8,27,34,39,40,13,2,6339311438,0
608회,2014-07-26,4,8,18,19,39,44,41,7,1943530018,0
607회,2014-07-19,8,14,23,36,38,39,13,4,3494480907,0
606회,2014-07-12,1,5,6,14,20,39,22,10,1311566850,0
