회차,추첨일,번호1,번호2,번호3,번호4,번호5,번호6,보너스,1등 당첨자수(명),1등 당첨금액(원),총판매금액(원)
1240회,2026-09-05,11,13,19,20,31,44,27,16,1791817758,118165321000
1239회,2026-08-29,11,13,22,32,33,36,8,13,2214789375,117767285000
1238회,2026-08-22,2,13,18,32,38,42,22,23,1197258718,114537798000
1237회,2026-08-15,10,20,23,34,37,40,36,23,1214932680,118363161000
1236회,2026-08-08,12,18,21,29,34,38,10,11,2441919375,114070835000
1235회,2026-08-01,6,7,11,15,39,43,20,9,3090961625,115445069000
1234회,2026-07-25,1,15,19,31,35,43,27,18,1595129563,115990429000
1233회,2026-07-18,2,7,20,25,37,40,29,31,837965396,116159776000
1232회,2026-07-11,12,15,19,22,24,36,3,11,2533260819,114636304000
1231회,2026-07-04,4,13,14,18,31,38,15,17,1652990074,118084580000
1230회,2026-06-27,3,8,9,22,28,42,45,16,1771357196,120177677000
1229회,2026-06-20,12,13,29,34,37,42,16,8,3519759000,0
1228회,2026-06-13,24,29,30,31,35,44,1,11,2698334421,0
1227회,2026-06-06,1,14,16,34,41,44,13,11,2674808455,0
1226회,2026-05-30,4,6,13,17,26,28,41,10,2815230113,0
1225회,2026-05-23,8,9,19,25,41,42,33,13,2228133087,0
1224회,2026-05-16,9,18,21,27,44,45,28,12,2414855250,0
1223회,2026-05-09,16,18,20,32,33,39,26,16,1857554133,0
1222회,2026-05-02,4,11,17,22,32,41,34,24,1202986844,0
1221회,2026-04-25,6,13,18,28,30,36,9,16,1830801165,0
1220회,2026-04-18,2,22,25,28,34,43,16,14,2114514161,0
1219회,2026-04-11,1,2,15,28,39,45,31,12,2508232844,0
1218회,2026-04-04,3,28,31,32,42,45,25,18,1714482042,0
1217회,2026-03-28,8,10,15,20,29,31,41,14,2179738018,0
1216회,2026-03-21,3,10,14,15,23,24,25,14,2148654000,0
1215회,2026-03-14,13,15,19,21,44,45,39,16,1998542133,0
1214회,2026-03-07,10,15,19,27,30,33,14,12,2431577188,0
1213회,2026-02-28,5,11,25,27,36,38,2,18,1740011646,0
1212회,2026-02-21,5,8,25,31,41,44,45,12,2654089032,0
1211회,2026-02-14,23,26,27,35,38,40,10,14,2370956036,0
1210회,2026-02-07,1,7,9,17,27,38,31,24,1102298407,0
1209회,2026-01-31,2,17,20,35,37,39,24,22,1371910466,0
1208회,2026-01-24,6,27,30,36,38,42,25,6,5001713625,0
1207회,2026-01-17,10,22,24,27,38,45,11,17,1733202949,0
1206회,2026-01-10,1,3,17,26,27,42,23,15,1868807000,0
1205회,2026-01-03,1,4,16,23,31,41,2,10,3226386263,0
1204회,2025-12-27,8,16,28,30,31,44,27,18,1661007688,0
1203회,2025-12-20,3,6,18,29,35,39,24,21,1368060733,0
1202회,2025-12-13,5,12,21,33,37,40,7,14,1920410813,0
1201회,2025-12-06,7,9,24,27,35,36,37,19,1414555718,0
1200회,2025-11-29,1,2,4,16,20,32,45,12,2357299875,0
1199회,2025-11-22,16,24,25,30,31,32,7,17,1695609839,0
1198회,2025-11-15,26,30,33,38,39,41,21,10,2953686638,0
1197회,2025-11-08,1,5,7,26,28,43,30,13,2205089827,0
1196회,2025-11-01,8,12,15,29,40,45,14,15,2001627550,0
1195회,2025-10-25,3,15,27,33,34,36,37,10,2939186738,0
1194회,2025-10-18,3,13,15,24,33,37,2,28,985155349,0
1193회,2025-10-11,6,9,16,19,24,28,17,16,1717013508,0
1192회,2025-10-04,10,16,23,36,39,40,11,29,1079546587,0
1191회,2025-09-27,1,4,11,12,20,41,2,18,1536334355,0
1190회,2025-09-20,7,9,19,23,26,45,33,6,4622793813,0
1189회,2025-09-13,9,19,29,35,37,38,31,13,2263651299,0
1188회,2025-09-06,3,4,12,19,22,27,9,24,1074625172,0
1187회,2025-08-30,5,13,26,29,37,40,42,11,2619380012,0
1186회,2025-08-23,2,8,13,16,23,28,35,14,1985676911,0
1185회,2025-08-16,6,17,22,28,29,32,38,12,2388695125,0
1184회,2025-08-09,14,16,23,25,31,37,42,15,1910655600,0
1183회,2025-08-02,4,15,17,23,27,36,31,13,2073966000,0
1182회,2025-07-26,1,13,21,25,28,31,22,13,2124785424,0
1181회,2025-07-19,8,10,14,20,33,41,28,17,1593643500,0
1180회,2025-07-12,6,12,18,37,40,41,3,11,2535566421,0
1179회,2025-07-05,3,16,18,24,40,44,21,13,2162821097,0
1178회,2025-06-28,5,6,11,27,43,44,17,12,2391608407,0
1177회,2025-06-21,3,7,15,16,19,43,21,6,4576672000,0
1176회,2025-06-14,7,9,11,21,30,35,29,13,2052166154,0
1175회,2025-06-07,3,4,6,8,32,42,31,20,1384026094,0
1174회,2025-05-31,8,11,14,17,36,39,22,15,1910619425,0
1173회,2025-05-24,1,5,18,20,30,35,3,24,1179946063,0
1172회,2025-05-17,7,9,24,40,42,44,45,13,2203004452,0
1171회,2025-05-10,3,6,7,11,12,17,19,21,1128345286,0
1170회,2025-05-03,3,13,28,34,38,42,25,20,1386550969,0
1169회,2025-04-26,5,12,24,26,39,42,20,10,2852735813,0
1168회,2025-04-19,9,21,24,30,33,37,29,13,2136635914,0
1167회,2025-04-12,8,23,31,35,39,40,24,10,2884087913,0
1166회,2025-04-05,14,23,25,27,29,42,16,14,2072319938,0
1165회,2025-03-29,6,7,27,29,38,45,17,13,2192485270,0
1164회,2025-03-22,17,18,23,25,38,39,22,13,2193092164,0
1163회,2025-03-15,2,13,15,16,33,43,4,15,1936891150,0
1162회,2025-03-08,20,21,22,25,28,29,6,36,823931021,0
1161회,2025-03-01,2,12,20,24,34,42,37,16,1792657969,0
1160회,2025-02-22,7,13,18,36,39,45,19,12,2509359875,0
1159회,2025-02-15,3,9,27,28,38,39,7,23,1284854250,0
1158회,2025-02-08,21,25,27,32,37,38,20,21,1394358197,0
1157회,2025-02-01,5,7,12,20,25,26,28,12,2257842157,0
1156회,2025-01-25,30,31,34,39,41,45,7,21,1505207090,0
1155회,2025-01-18,10,16,19,27,37,38,13,7,4066375179,0
1154회,2025-01-11,4,8,22,26,32,38,27,15,1854965425,0
1153회,2025-01-04,1,9,10,13,35,44,5,15,2027312925,0
1152회,2024-12-28,30,31,32,35,36,37,5,35,874349668,0
1151회,2024-12-21,2,3,9,15,27,29,8,17,1620503030,0
1150회,2024-12-14,8,9,18,35,39,45,25,17,1570620309,0
1149회,2024-12-07,8,15,19,21,32,36,38,17,1613380765,0
1148회,2024-11-30,3,6,13,15,16,22,32,13,2073332308,0
1147회,2024-11-23,7,11,24,26,27,37,32,8,3323422079,0
1146회,2024-11-16,6,11,17,19,40,43,28,11,2526476353,0
1145회,2024-11-09,2,11,31,33,37,44,32,9,3051630084,0
1144회,2024-11-02,3,4,12,15,26,34,6,18,1489347375,0
1143회,2024-10-26,10,16,17,27,28,36,6,11,2545657023,0
1142회,2024-10-19,2,8,28,30,37,41,22,9,3117517709,0
1141회,2024-10-12,7,11,12,21,26,35,20,11,2457758285,0
1140회,2024-10-05,7,10,22,29,31,38,15,12,2279823938,0
1139회,2024-09-28,5,12,15,30,37,40,18,13,2167490972,0
1138회,2024-09-21,14,16,19,20,29,34,35,14,1902656786,0
1137회,2024-09-14,4,9,12,15,33,45,26,14,2023447688,0
1136회,2024-09-07,21,33,35,38,42,44,1,12,2314468157,0
1135회,2024-08-31,1,6,13,19,21,33,4,9,2953726125,0
1134회,2024-08-24,3,7,9,13,19,24,23,14,1755689384,0
1133회,2024-08-17,13,14,20,28,29,34,23,13,2105079491,0
1132회,2024-08-10,6,7,19,28,34,41,5,11,2404951807,0
1131회,2024-08-03,1,2,6,14,27,38,33,17,1542367898,0
1130회,2024-07-27,15,19,21,25,27,28,40,12,2263301219,0
1129회,2024-07-20,5,10,11,17,28,34,22,11,2369567660,0
1128회,2024-07-13,1,5,8,16,28,33,45,63,419925560,0
1127회,2024-07-06,10,15,24,30,31,37,32,12,2267891969,0
1126회,2024-06-29,4,5,9,11,37,40,7,11,2386382421,0
1125회,2024-06-22,6,14,25,33,40,44,30,12,2195289188,0
1124회,2024-06-15,3,8,17,30,33,34,28,10,2623327913,0
1123회,2024-06-08,13,19,21,24,34,35,26,16,1731310711,0
1122회,2024-06-01,3,6,21,30,34,35,22,11,2556266046,0
1121회,2024-05-25,6,24,31,32,38,44,8,11,2524513262,0
1120회,2024-05-18,2,19,26,31,38,41,34,11,2522163375,0
1119회,2024-05-11,1,9,12,13,20,45,3,19,1396028764,0
1118회,2024-05-04,11,13,14,15,16,45,3,19,1477445132,0
1117회,2024-04-27,3,4,9,30,33,36,7,9,3028385542,0
1116회,2024-04-20,15,16,17,25,30,31,32,10,2695000238,0
1115회,2024-04-13,7,12,23,32,34,36,8,12,2257278282,0
1114회,2024-04-06,10,16,19,32,33,38,3,17,1583813824,0
1113회,2024-03-30,11,13,20,21,32,44,8,14,1987426822,0
1112회,2024-03-23,16,20,26,36,42,44,24,10,2804455650,0
1111회,2024-03-16,3,13,30,33,43,45,4,16,1714662540,0
1110회,2024-03-09,3,7,11,20,22,41,24,16,1647392719,0
1109회,2024-03-02,10,12,13,19,33,40,2,17,1584352875,0
1108회,2024-02-24,7,19,26,37,39,44,27,14,1957990849,0
1107회,2024-02-17,6,14,30,31,40,41,29,14,2025625233,0
1106회,2024-02-10,1,3,4,29,42,45,36,11,2790462819,0
1105회,2024-02-03,6,16,34,37,39,40,11,15,1834853800,0
1104회,2024-01-27,1,7,21,30,35,38,2,15,1817193100,0
1103회,2024-01-20,10,12,29,31,40,44,2,17,1574419633,0
1102회,2024-01-13,13,14,22,26,37,38,20,20,1383591413,0
1101회,2024-01-06,6,7,13,28,36,42,41,13,2100529500,0
1100회,2023-12-30,17,26,29,30,31,43,12,13,2207575472,0
1099회,2023-12-23,3,20,28,38,40,43,4,9,2959934125,0
1098회,2023-12-16,12,16,21,24,41,43,15,13,1930461895,0
1097회,2023-12-09,14,33,34,35,37,40,4,7,3864293090,0
1096회,2023-12-02,1,12,16,19,23,43,34,10,2539391175,0
1095회,2023-11-25,8,14,28,29,34,40,12,10,2617825575,0
1094회,2023-11-18,6,7,15,22,26,40,41,12,2112854469,0
1093회,2023-11-11,10,17,22,30,35,43,44,13,1967040750,0
1092회,2023-11-04,7,18,19,26,33,45,37,16,1583289844,0
1091회,2023-10-28,6,20,23,24,28,30,44,9,2898470459,0
1090회,2023-10-21,12,19,21,29,40,45,1,11,2386494614,0
1089회,2023-10-14,4,18,31,37,42,43,40,9,2978522167,0
1088회,2023-10-07,11,21,22,30,39,44,31,11,2434697898,0
1087회,2023-09-30,13,14,18,21,34,44,16,16,1732253602,0
1086회,2023-09-23,11,16,25,27,35,36,37,17,1515913809,0
1085회,2023-09-16,4,7,17,18,38,44,36,23,1073277473,0
1084회,2023-09-09,8,12,13,29,33,42,5,15,1738764600,0
1083회,2023-09-02,3,7,14,15,22,38,17,15,1713084525,0
1082회,2023-08-26,21,26,27,32,34,42,31,7,3720489643,0
1081회,2023-08-19,1,9,16,23,24,38,17,11,2343892944,0
1080회,2023-08-12,13,16,23,31,36,44,38,7,3639444429,0
1079회,2023-08-05,4,8,18,24,37,45,6,9,2712329417,0
1078회,2023-07-29,6,10,11,14,36,38,43,12,2141604938,0
1077회,2023-07-22,4,8,17,30,40,43,34,7,3570901018,0
1076회,2023-07-15,3,7,9,33,36,37,10,9,2672689750,0
1075회,2023-07-08,1,23,24,35,44,45,10,9,2896337167,0
1074회,2023-07-01,1,6,20,27,28,41,15,12,2134763657,0
1073회,2023-06-24,6,18,28,30,32,38,15,11,2345227603,0
1072회,2023-06-17,16,18,20,23,32,43,27,12,2175006375,0
1071회,2023-06-10,1,2,11,21,30,35,39,5,5183979750,0
1070회,2023-06-03,3,6,14,22,30,41,36,14,1859116929,0
1069회,2023-05-27,1,10,18,22,28,31,44,14,1863217554,0
1068회,2023-05-20,4,7,19,26,33,35,3,19,1363929514,0
1067회,2023-05-13,7,10,19,23,28,33,18,13,1981114010,0
1066회,2023-05-06,6,11,16,19,21,32,45,15,1670947250,0
1065회,2023-04-29,3,18,19,23,32,45,24,14,1852593938,0
1064회,2023-04-22,3,6,9,18,22,35,14,19,1348168106,0
1063회,2023-04-15,3,6,22,23,24,38,30,7,3770311875,0
1062회,2023-04-08,20,31,32,40,41,45,12,7,3801933804,0
1061회,2023-04-01,4,24,27,35,37,45,15,11,2422768773,0
1060회,2023-03-25,3,10,24,33,38,45,36,28,898238907,0
1059회,2023-03-18,7,10,22,25,34,40,27,13,2033168481,0
1058회,2023-03-11,11,23,25,30,32,40,42,13,2058020250,0
1057회,2023-03-04,8,13,19,27,40,45,12,17,1616069714,0
1056회,2023-02-25,13,20,24,32,36,45,29,14,1969662456,0
1055회,2023-02-18,4,7,12,14,22,33,31,11,2362815205,0
1054회,2023-02-11,14,19,27,28,30,45,33,9,3147925709,0
1053회,2023-02-04,22,26,29,30,34,45,15,7,4090367411,0
1052회,2023-01-28,5,17,26,27,35,38,1,11,2341682762,0
1051회,2023-01-21,21,26,30,32,33,35,44,18,1669558480,0
1050회,2023-01-14,6,12,31,35,38,43,17,17,1535083280,0
1049회,2023-01-07,3,5,13,20,21,37,17,15,1727810100,0
1048회,2022-12-31,6,12,17,21,32,39,30,17,1612494508,0
1047회,2022-12-24,2,20,33,40,42,44,32,9,2748797875,0
1046회,2022-12-17,7,16,25,29,35,36,28,12,2011415719,0
1045회,2022-12-10,6,14,15,19,21,41,37,13,1990060443,0
1044회,2022-12-03,12,17,20,26,28,36,4,8,3136941235,0
1043회,2022-11-26,3,5,12,22,26,31,19,17,1468646956,0
1042회,2022-11-19,5,14,15,23,34,43,4,20,1240663669,0
1041회,2022-11-12,6,7,9,11,17,18,45,25,935091165,0
1040회,2022-11-05,8,16,26,29,31,36,11,7,3660482625,0
1039회,2022-10-29,2,3,6,19,36,39,26,16,1585019672,0
1038회,2022-10-22,7,16,24,27,37,44,2,15,1627457225,0
1037회,2022-10-15,2,14,15,22,27,33,31,15,1708576825,0
1036회,2022-10-08,2,5,22,32,34,45,39,9,2837323167,0
1035회,2022-10-01,9,14,34,35,41,42,2,8,3231193735,0
1034회,2022-09-24,26,31,32,33,38,40,11,9,2868856209,0
1033회,2022-09-17,3,11,15,20,35,44,10,13,1913414943,0
1032회,2022-09-10,1,6,12,19,36,42,28,10,2675257538,0
1031회,2022-09-03,6,7,22,32,35,36,19,8,3213957563,0
1030회,2022-08-27,2,5,11,17,24,29,9,19,1276406507,0
1029회,2022-08-20,12,30,32,37,39,41,24,10,2527848450,0
1028회,2022-08-13,5,7,12,13,18,35,23,20,1181235132,0
1027회,2022-08-06,14,16,27,35,39,45,5,10,2460504338,0
1026회,2022-07-30,5,12,13,31,32,41,34,15,1619118475,0
1025회,2022-07-23,8,9,20,25,29,33,7,4,6118853344,0
1024회,2022-07-16,9,18,20,22,38,44,10,8,3020323500,0
1023회,2022-07-09,10,14,16,18,29,35,25,9,2745677875,0
1022회,2022-07-02,5,6,11,29,42,45,28,5,4866468075,0
1021회,2022-06-25,12,15,17,24,29,45,16,12,2108962250,0
1020회,2022-06-18,12,27,29,38,41,45,6,13,1966431520,0
1019회,2022-06-11,1,4,13,17,34,39,6,50,438565140,0
1018회,2022-06-04,3,19,21,25,37,45,35,2,12361744688,0
1017회,2022-05-28,12,18,22,23,30,34,32,7,3517684822,0
1016회,2022-05-21,15,26,28,34,41,42,44,11,2260660671,0
1015회,2022-05-14,14,23,31,33,37,40,44,8,3051105610,0
1014회,2022-05-07,3,11,14,18,26,27,21,10,2410449338,0
1013회,2022-04-30,21,22,26,34,36,41,32,5,5047570725,0
1012회,2022-04-23,5,11,18,20,35,45,3,13,1861944318,0
1011회,2022-04-16,1,9,12,26,35,38,42,11,2220348512,0
1010회,2022-04-09,9,12,15,25,34,36,3,8,3119380079,0
1009회,2022-04-02,15,23,29,34,40,44,20,15,1702462825,0
1008회,2022-03-26,9,11,30,31,41,44,33,11,2267377910,0
1007회,2022-03-19,8,11,16,19,21,25,40,9,2718786375,0
1006회,2022-03-12,8,11,15,16,17,37,36,9,2855602125,0
1005회,2022-03-05,8,13,18,24,27,29,17,12,2061199344,0
1004회,2022-02-26,7,15,30,37,39,44,18,10,2576251913,0
1003회,2022-02-19,1,4,29,39,43,45,31,14,1811116822,0
1002회,2022-02-12,17,25,33,35,38,45,15,8,3088449563,0
1001회,2022-02-05,6,10,12,14,20,42,15,12,2077279594,0
1000회,2022-01-29,2,8,19,22,32,42,39,22,1246819620,0
999회,2022-01-22,1,3,9,14,18,28,34,16,1513274790,0
998회,2022-01-15,13,17,18,20,42,45,41,12,2076499657,0
997회,2022-01-08,4,7,14,16,24,44,20,19,1253749560,0
996회,2022-01-01,6,11,15,24,32,39,28,18,1491185771,0
995회,2021-12-25,1,4,13,29,38,39,7,7,3447271875,0
994회,2021-12-18,1,3,8,24,27,35,28,12,1861582063,0
993회,2021-12-11,6,14,16,18,24,42,44,6,3991197063,0
992회,2021-12-04,12,20,26,33,44,45,24,12,1986955563,0
991회,2021-11-27,13,18,25,31,33,44,38,8,2904166032,0
990회,2021-11-20,2,4,25,26,36,37,28,14,1740095277,0
989회,2021-11-13,17,18,21,27,29,33,26,4,5826768563,0
988회,2021-11-06,2,13,20,30,31,41,27,9,2678489375,0
987회,2021-10-30,2,4,15,23,29,38,7,10,2378711625,0
986회,2021-10-23,7,10,16,28,41,42,40,10,2375275125,0
985회,2021-10-16,17,21,23,30,34,44,19,10,2434752975,0
984회,2021-10-09,3,10,23,35,36,37,18,7,3453006268,0
983회,2021-10-02,13,23,26,31,35,43,15,10,2503422225,0
982회,2021-09-25,5,7,13,20,21,44,33,8,3023630672,0
981회,2021-09-18,27,36,37,41,43,45,32,13,1992863193,0
980회,2021-09-11,3,13,16,23,24,35,14,7,3409443215,0
979회,2021-09-04,7,11,16,21,27,33,24,14,1606400518,0
978회,2021-08-28,1,7,15,32,34,42,8,10,2373391388,0
977회,2021-08-21,2,9,10,14,22,44,16,14,1669905911,0
976회,2021-08-14,4,12,14,25,35,37,2,7,3243867215,0
975회,2021-08-07,7,8,9,17,22,24,5,9,2440410375,0
974회,2021-07-31,1,2,11,16,39,44,32,17,1317034523,0
973회,2021-07-24,22,26,31,37,41,42,24,8,2912742750,0
972회,2021-07-17,3,6,17,23,37,39,26,20,1124886244,0
971회,2021-07-10,2,6,17,18,21,26,7,6,3725880250,0
970회,2021-07-03,9,11,16,21,28,36,5,14,1611544045,0
969회,2021-06-26,3,9,10,29,40,45,7,20,1149427894,0
968회,2021-06-19,2,5,12,14,24,39,33,13,1667729683,0
967회,2021-06-12,1,6,13,37,38,40,9,4,5809776094,0
966회,2021-06-05,1,21,25,29,34,37,36,10,2411303513,0
965회,2021-05-29,2,13,25,28,29,36,34,7,3403348929,0
964회,2021-05-22,6,21,36,38,39,43,30,10,2345861063,0
963회,2021-05-15,6,12,19,23,34,42,35,15,1476478125,0
962회,2021-05-08,1,18,28,31,34,43,40,12,1940906094,0
961회,2021-05-01,11,20,29,31,33,42,43,9,2575231209,0
960회,2021-04-24,2,18,24,30,32,45,14,10,2401133213,0
959회,2021-04-17,1,14,15,24,40,41,35,8,3015312891,0
958회,2021-04-10,2,9,10,16,35,37,1,15,1596119675,0
957회,2021-04-03,4,15,24,35,36,40,1,11,2126634137,0
956회,2021-03-27,10,11,20,21,25,41,40,11,2022982671,0
955회,2021-03-20,4,9,23,26,29,33,8,12,2023170188,0
954회,2021-03-13,1,9,26,28,30,41,32,10,2478795900,0
953회,2021-03-06,7,9,22,27,37,42,34,14,1640636009,0
952회,2021-02-27,4,12,22,24,33,41,38,9,2713699834,0
951회,2021-02-20,2,12,30,31,39,43,38,14,1747552661,0
950회,2021-02-13,3,4,15,22,28,40,10,8,3281920500,0
949회,2021-02-06,14,21,35,36,40,44,30,10,2458569713,0
948회,2021-01-30,13,18,30,31,38,41,5,11,2188548716,0
947회,2021-01-23,3,8,17,20,27,35,26,18,1275855750,0
946회,2021-01-16,9,18,19,30,34,40,20,11,2157656182,0
945회,2021-01-09,9,10,15,30,33,37,26,13,1765554491,0
944회,2021-01-02,2,13,16,19,32,33,42,13,1961836356,0
943회,2020-12-26,1,8,13,36,44,45,39,7,3435045108,0
942회,2020-12-19,10,12,18,35,42,43,39,6,3761680313,0
941회,2020-12-12,12,14,25,27,39,40,35,16,1347297422,0
940회,2020-12-05,3,15,20,22,24,41,11,8,2846071079,0
939회,2020-11-28,4,11,28,39,42,45,6,13,1708363039,0
938회,2020-11-21,4,8,10,16,31,36,9,10,2249466563,0
937회,2020-11-14,2,10,13,22,29,40,26,11,2058420819,0
936회,2020-11-07,7,11,13,17,18,29,43,14,1492069179,0
935회,2020-10-31,4,10,20,32,38,44,18,13,1711055424,0
934회,2020-10-24,1,3,30,33,36,39,12,4,5765772844,0
933회,2020-10-17,23,27,29,31,36,45,37,8,2927797079,0
932회,2020-10-10,1,6,15,36,37,38,5,7,3390022983,0
931회,2020-10-03,14,15,23,25,35,43,32,8,2957108063,0
930회,2020-09-26,8,21,25,38,39,44,28,8,2832418829,0
929회,2020-09-19,7,9,12,15,19,23,4,16,1308035157,0
928회,2020-09-12,3,4,10,20,28,44,30,7,3134591358,0
927회,2020-09-05,4,15,22,38,41,43,26,6,3714203875,0
926회,2020-08-29,10,16,18,20,25,31,6,10,2032490663,0
925회,2020-08-22,13,24,32,34,39,42,4,12,1771080532,0
924회,2020-08-15,3,11,34,42,43,44,13,9,2382430667,0
923회,2020-08-08,3,17,18,23,36,41,26,8,2667554625,0
922회,2020-08-01,2,6,13,17,27,43,36,6,3417904500,0
921회,2020-07-25,5,7,12,22,28,41,1,17,1232573405,0
920회,2020-07-18,2,3,26,33,34,43,29,7,3120260197,0
919회,2020-07-11,9,14,17,18,42,44,35,5,4305150450,0
918회,2020-07-04,7,11,12,31,33,38,5,18,1117622646,0
917회,2020-06-27,1,3,23,24,27,43,34,10,2144799638,0
916회,2020-06-20,6,21,22,32,35,36,17,11,2025384341,0
915회,2020-06-13,2,6,11,13,22,37,14,6,3518640500,0
914회,2020-06-06,16,19,24,33,42,44,27,11,1950005557,0
913회,2020-05-30,6,14,16,21,27,37,40,16,1338755602,0
912회,2020-05-23,5,8,18,21,22,38,10,14,1493500581,0
911회,2020-05-16,4,5,12,14,32,42,35,10,2113538625,0
910회,2020-05-09,1,11,17,27,35,39,31,21,941316375,0
909회,2020-05-02,7,24,29,30,34,35,33,11,2021062875,0
908회,2020-04-25,3,16,21,22,23,44,30,8,2834856141,0
907회,2020-04-18,21,27,29,38,40,44,37,7,3165059036,0
906회,2020-04-11,2,5,14,28,31,32,20,9,2472607250,0
905회,2020-04-04,3,4,16,27,38,40,20,7,3017862536,0
904회,2020-03-28,2,6,8,26,43,45,11,8,2718077813,0
903회,2020-03-21,2,15,16,21,22,28,45,13,1684582212,0
902회,2020-03-14,7,19,23,24,36,39,30,13,1619317529,0
901회,2020-03-07,5,18,20,23,30,34,21,9,2267974667,0
900회,2020-02-29,7,13,16,18,35,38,14,6,3349851375,0
899회,2020-02-22,8,19,20,21,33,39,37,6,3359356063,0
898회,2020-02-15,18,21,28,35,37,42,17,8,2639313235,0
897회,2020-02-08,6,7,12,22,26,36,29,13,1619922520,0
896회,2020-02-01,5,12,25,26,38,45,23,7,3053222036,0
895회,2020-01-25,16,26,31,38,39,41,23,12,1928079219,0
894회,2020-01-18,19,32,37,40,41,43,45,9,2377935959,0
893회,2020-01-11,1,15,17,23,25,41,10,9,2377433625,0
892회,2020-01-04,4,9,17,18,26,42,36,17,1282017464,0
891회,2019-12-28,9,13,28,31,39,41,19,7,3082673947,0
890회,2019-12-21,1,4,14,18,29,37,6,9,2335486167,0
889회,2019-12-14,3,13,29,38,39,42,26,10,2108986950,0
888회,2019-12-07,3,7,12,31,34,38,32,8,2370359204,0
887회,2019-11-30,8,14,17,27,36,45,10,8,2535268688,0
886회,2019-11-23,19,23,28,37,42,45,2,7,2974643786,0
885회,2019-11-16,1,3,24,27,39,45,31,13,1543832568,0
884회,2019-11-09,4,14,23,28,37,45,17,12,1799077282,0
883회,2019-11-02,9,18,32,33,37,44,22,15,1360519525,0
882회,2019-10-26,18,34,39,43,44,45,23,5,4127270400,0
881회,2019-10-19,4,18,20,26,27,32,9,8,2503212282,0
880회,2019-10-12,7,17,19,23,24,45,38,7,2837810465,0
879회,2019-10-05,1,4,10,14,15,35,20,6,3206361313,0
878회,2019-09-28,2,6,11,16,25,31,3,6,3207993500,0
877회,2019-09-21,5,17,18,22,23,43,12,12,1716607188,0
876회,2019-09-14,5,16,21,26,34,42,24,19,1090657856,0
875회,2019-09-07,19,22,30,34,39,44,36,14,1415946724,0
874회,2019-08-31,1,15,19,23,28,42,32,18,1117123917,0
873회,2019-08-24,3,5,12,13,33,39,38,10,1874553225,0
872회,2019-08-17,2,4,30,32,33,43,29,16,1262705579,0
871회,2019-08-10,2,6,12,26,30,34,38,7,2718071358,0
870회,2019-08-03,21,25,30,32,40,42,31,10,1928842988,0
869회,2019-07-27,2,6,20,27,37,39,4,10,1922582588,0
868회,2019-07-20,12,17,28,41,43,44,25,6,3233804250,0
867회,2019-07-13,14,17,19,22,24,40,41,5,3933755250,0
866회,2019-07-06,9,15,29,34,37,39,12,9,2240409000,0
865회,2019-06-29,3,15,22,32,33,45,2,13,1551729145,0
864회,2019-06-22,3,7,10,13,25,36,32,11,1716553637,0
863회,2019-06-15,16,21,28,35,39,43,12,7,2853357322,0
862회,2019-06-08,10,34,38,40,42,43,32,9,2190922709,0
861회,2019-06-01,11,17,19,21,22,25,24,4,4872108844,0
860회,2019-05-25,4,8,18,25,27,32,42,10,1879899825,0
859회,2019-05-18,8,22,35,38,39,41,24,11,1853927489,0
858회,2019-05-11,9,13,32,38,39,43,23,9,2202347459,0
857회,2019-05-04,6,10,16,28,34,38,43,15,1284915425,0
856회,2019-04-27,10,24,40,41,43,44,17,5,3977927550,0
855회,2019-04-20,8,15,17,19,43,44,7,9,2269510500,0
854회,2019-04-13,20,25,31,32,36,43,3,6,3421706750,0
853회,2019-04-06,2,8,23,26,27,44,13,7,2885006786,0
852회,2019-03-30,11,17,28,30,33,35,9,4,4801543407,0
851회,2019-03-23,14,18,22,26,31,44,40,8,2483692313,0
850회,2019-03-16,16,20,24,28,36,39,5,6,3377587875,0
849회,2019-03-09,5,13,17,29,34,39,3,17,1158252883,0
848회,2019-03-02,1,2,16,22,38,39,34,7,3011580858,0
847회,2019-02-23,12,16,26,28,30,42,22,8,2520846657,0
846회,2019-02-16,5,18,30,41,43,45,13,13,1596884395,0
845회,2019-02-09,1,16,29,33,40,45,6,11,1891217182,0
844회,2019-02-02,7,8,13,15,33,45,18,18,1162963542,0
843회,2019-01-26,19,21,30,33,34,42,4,5,4012970100,0
842회,2019-01-19,14,26,32,36,39,42,38,10,2035475025,0
841회,2019-01-12,5,11,14,30,33,38,24,17,1116095714,0
840회,2019-01-05,2,4,11,28,29,43,27,10,2042961788,0
839회,2018-12-29,3,9,11,12,13,19,35,13,1359454904,0
838회,2018-12-22,9,14,17,33,36,38,20,5,3813733050,0
837회,2018-12-15,2,25,28,30,33,45,6,6,3144449125,0
836회,2018-12-08,1,9,11,14,26,28,19,14,1257843670,0
835회,2018-12-01,9,10,13,28,38,45,35,15,1233681125,0
834회,2018-11-24,6,8,18,35,42,43,3,11,1690693671,0
833회,2018-11-17,12,18,30,39,41,42,19,8,2356317282,0
832회,2018-11-10,13,14,19,26,40,43,30,9,2088204584,0
831회,2018-11-03,3,10,16,19,31,39,9,16,1110702258,0
830회,2018-10-27,5,6,16,18,37,38,17,9,2060528750,0
829회,2018-10-20,4,5,31,35,43,45,29,8,2444650641,0
828회,2018-10-13,4,7,13,29,31,39,18,13,1455185972,0
827회,2018-10-06,5,11,12,29,33,44,14,15,1206500375,0
826회,2018-09-29,13,16,24,25,33,36,42,9,2075192084,0
825회,2018-09-22,8,15,21,31,33,38,42,12,1658710563,0
824회,2018-09-15,7,9,24,29,34,38,26,15,1256646550,0
823회,2018-09-08,12,18,24,26,39,40,15,9,2009843917,0
822회,2018-09-01,9,18,20,24,27,36,12,3,5930898625,0
821회,2018-08-25,1,12,13,24,29,44,16,14,1316155956,0
820회,2018-08-18,10,21,22,30,35,42,6,4,4627313532,0
819회,2018-08-11,16,25,33,38,40,45,15,7,2594534840,0
818회,2018-08-04,14,15,25,28,29,30,3,13,1380804318,0
817회,2018-07-28,3,9,12,13,25,43,34,9,1868477334,0
816회,2018-07-21,12,18,19,29,31,39,7,8,2128107938,0
815회,2018-07-14,17,21,25,26,27,36,4,7,2579855358,0
814회,2018-07-07,2,21,28,38,42,45,30,6,3067192063,0
813회,2018-06-30,11,30,34,35,42,44,27,4,4591763157,0
812회,2018-06-23,1,3,12,14,16,43,10,6,2947954750,0
811회,2018-06-16,8,11,19,21,36,45,25,7,2524148197,0
810회,2018-06-09,5,10,13,21,39,43,11,8,2231598047,0
809회,2018-06-02,6,11,15,17,23,40,39,6,2921372750,0
808회,2018-05-26,15,21,31,32,41,43,24,6,3087620500,0
807회,2018-05-19,6,10,18,25,34,35,33,7,2437662322,0
806회,2018-05-12,14,20,23,31,37,38,27,7,2640760875,0
805회,2018-05-05,3,12,13,18,31,32,42,4,4266061969,0
804회,2018-04-28,1,10,13,26,32,36,9,11,1631996523,0
803회,2018-04-21,5,9,14,26,30,43,2,5,3663810225,0
802회,2018-04-14,10,11,12,18,24,42,27,16,1082947993,0
801회,2018-04-07,17,25,28,37,43,44,2,8,2256786657,0
800회,2018-03-31,1,4,10,12,28,45,26,11,1632246205,0
799회,2018-03-24,12,17,23,34,42,45,33,10,1826427225,0
798회,2018-03-17,2,10,14,22,32,36,41,7,2710791911,0
797회,2018-03-10,5,22,31,32,39,45,36,8,2397028125,0
796회,2018-03-03,1,21,26,36,40,41,5,7,2763490340,0
795회,2018-02-24,3,10,13,26,34,38,36,11,1714977000,0
794회,2018-02-17,6,7,18,19,30,38,13,7,2650940304,0
793회,2018-02-10,10,15,21,35,38,43,31,5,3750146775,0
792회,2018-02-03,2,7,19,25,29,36,16,7,2655736768,0
791회,2018-01-27,2,10,12,31,33,42,32,14,1253081893,0
790회,2018-01-20,3,8,19,27,30,41,12,16,1160516274,0
789회,2018-01-13,2,6,7,12,19,45,38,15,1140976825,0
788회,2018-01-06,2,10,11,19,35,39,29,13,1401475154,0
787회,2017-12-30,5,6,13,16,27,28,9,6,3092108313,0
786회,2017-12-23,12,15,16,20,24,30,38,4,4551365250,0
785회,2017-12-16,4,6,15,25,26,33,40,6,2886622688,0
784회,2017-12-09,3,10,23,24,31,39,22,9,1908678000,0
783회,2017-12-02,14,15,16,17,38,45,36,4,4603964625,0
782회,2017-11-25,6,18,31,34,38,45,20,9,1946487625,0
781회,2017-11-18,11,16,18,19,24,39,43,9,1882891542,0
780회,2017-11-11,15,17,19,21,27,45,16,11,1667520137,0
779회,2017-11-04,6,12,19,24,34,41,4,11,1527709296,0
778회,2017-10-28,6,21,35,36,37,41,11,3,6264069500,0
777회,2017-10-21,6,12,17,21,34,37,18,21,833468036,0
776회,2017-10-14,8,9,18,21,28,40,20,7,2557579393,0
775회,2017-10-07,11,12,29,33,38,42,17,5,3470437650,0
774회,2017-09-30,12,15,18,28,34,42,9,11,1709721512,0
773회,2017-09-23,8,12,19,21,31,35,44,11,1609403080,0
772회,2017-09-16,5,6,11,14,21,41,32,10,1769608838,0
771회,2017-09-09,6,10,17,18,21,29,30,4,4362644907,0
770회,2017-09-02,1,9,12,23,39,43,34,8,2163099329,0
769회,2017-08-26,5,7,11,16,41,45,4,9,1930760042,0
768회,2017-08-19,7,27,29,30,38,44,4,13,1363572260,0
767회,2017-08-12,5,15,20,31,34,42,22,15,1163768725,0
766회,2017-08-05,9,30,34,35,39,41,21,8,2173637297,0
765회,2017-07-29,1,3,8,12,42,43,33,15,1109214250,0
764회,2017-07-22,7,22,24,31,34,36,15,7,2459975465,0
763회,2017-07-15,3,8,16,32,34,43,10,8,2138130000,0
762회,2017-07-08,1,3,12,21,26,41,16,10,1631432063,0
761회,2017-07-01,4,7,11,24,42,45,30,7,2392730518,0
760회,2017-06-24,10,22,27,31,42,43,12,8,2253299391,0
759회,2017-06-17,9,33,36,40,42,43,32,6,3032670500,0
758회,2017-06-10,5,9,12,30,39,43,24,8,2078969954,0
757회,2017-06-03,6,7,11,17,33,44,1,21,739839858,0
756회,2017-05-27,10,14,16,18,27,28,4,5,3414434700,0
755회,2017-05-20,13,14,26,28,30,36,37,8,2214427266,0
754회,2017-05-13,2,8,17,24,29,31,32,5,3427542000,0
753회,2017-05-06,2,17,19,24,37,41,3,6,2711105063,0
752회,2017-04-29,4,16,20,33,40,43,7,9,1870358834,0
751회,2017-04-22,3,4,16,20,28,44,17,8,2097968110,0
750회,2017-04-15,1,2,15,19,24,36,12,7,2522104286,0
749회,2017-04-08,12,14,24,26,34,45,41,13,1350104395,0
748회,2017-04-01,3,10,13,22,31,32,29,9,1928246542,0
747회,2017-03-25,7,9,12,14,23,28,17,9,1903214584,0
746회,2017-03-18,3,12,33,36,42,45,25,9,2038623709,0
745회,2017-03-11,1,2,3,9,12,23,10,20,746822982,0
744회,2017-03-04,10,15,18,21,34,41,43,15,1155411575,0
743회,2017-02-25,15,19,21,34,41,44,10,7,2608641000,0
742회,2017-02-18,8,10,13,36,37,40,6,16,1111814813,0
741회,2017-02-11,5,21,27,34,44,45,16,6,3043595938,0
740회,2017-02-04,4,8,9,16,17,19,31,18,936929792,0
739회,2017-01-28,7,22,29,33,34,35,30,4,4744122282,0
738회,2017-01-21,23,27,28,38,42,43,36,11,1634191091,0
737회,2017-01-14,13,15,18,24,27,41,11,4,4283061000,0
736회,2017-01-07,2,11,17,18,21,27,6,5,3397362225,0
735회,2016-12-31,5,10,13,27,37,41,4,10,1847231588,0
734회,2016-12-24,6,16,37,38,41,45,18,9,1949395500,0
733회,2016-12-17,11,24,32,33,35,40,13,4,4016725125,0
732회,2016-12-10,2,4,5,17,27,32,43,7,2203270608,0
731회,2016-12-03,2,7,13,25,42,45,39,7,2340471054,0
730회,2016-11-26,4,10,14,15,18,22,39,8,2017382110,0
729회,2016-11-19,11,17,21,26,36,45,16,4,4198250719,0
728회,2016-11-12,3,6,10,30,34,37,36,5,3243464400,0
727회,2016-11-05,7,8,10,19,21,31,20,14,1115107742,0
726회,2016-10-29,1,11,21,23,34,44,24,14,1166872634,0
725회,2016-10-22,6,7,19,21,41,43,38,11,1579217250,0
724회,2016-10-15,2,8,33,35,37,41,14,12,1427789813,0
723회,2016-10-08,20,30,33,35,36,44,22,8,2114365360,0
722회,2016-10-01,12,14,21,30,39,43,45,4,4365422719,0
721회,2016-09-24,1,28,35,41,43,44,31,8,2273767360,0
720회,2016-09-17,1,12,29,34,36,37,41,14,1233770358,0
719회,2016-09-10,4,8,13,19,20,43,26,9,1879581334,0
718회,2016-09-03,4,11,20,23,32,39,40,17,926166464,0
717회,2016-08-27,2,11,19,25,28,32,44,6,2702433688,0
716회,2016-08-20,2,6,13,16,29,30,21,12,1358752157,0
715회,2016-08-13,2,7,27,33,41,44,10,6,2605510438,0
714회,2016-08-06,1,7,22,33,37,40,20,7,2085131733,0
713회,2016-07-30,2,5,15,18,19,23,44,9,1714720917,0
712회,2016-07-23,17,20,30,31,33,45,19,4,4034485125,0
711회,2016-07-16,11,15,24,35,37,45,42,7,2277413358,0
710회,2016-07-09,3,4,9,24,25,33,10,5,2895441150,0
709회,2016-07-02,10,18,30,36,39,44,32,14,1165271625,0
708회,2016-06-25,2,10,16,19,34,45,1,4,4099552219,0
707회,2016-06-18,2,12,19,24,39,44,35,12,1322167313,0
706회,2016-06-11,3,4,6,10,28,30,37,4,3831746063,0
705회,2016-06-04,1,6,17,22,28,45,23,4,3987206532,0
704회,2016-05-28,1,4,8,23,33,42,45,4,3865190344,0
703회,2016-05-21,10,28,31,33,41,44,21,5,3235784100,0
702회,2016-05-14,3,13,16,24,26,29,9,11,1465091387,0
701회,2016-05-07,3,10,14,16,36,38,35,10,1583183175,0
700회,2016-04-30,11,23,28,29,30,44,13,8,2082099188,0
699회,2016-04-23,4,5,8,16,21,29,3,8,1995411375,0
698회,2016-04-16,3,11,13,21,33,37,18,8,1921084125,0
697회,2016-04-09,2,5,8,11,33,39,31,10,1531443038,0
696회,2016-04-02,1,7,16,18,34,38,21,10,1632054413,0
695회,2016-03-26,4,18,26,33,34,38,14,11,1450214830,0
694회,2016-03-19,7,15,20,25,33,43,12,10,1555036388,0
693회,2016-03-12,1,6,11,28,34,42,30,10,1642763813,0
692회,2016-03-05,3,11,14,15,32,36,44,7,2301273697,0
691회,2016-02-27,15,27,33,35,43,45,16,6,2839296750,0
690회,2016-02-20,24,25,33,34,38,39,43,15,1126507625,0
689회,2016-02-13,7,17,19,30,36,38,34,7,2321775911,0
688회,2016-02-06,5,15,22,23,34,35,2,9,1967536750,0
687회,2016-01-30,1,8,10,13,28,42,45,6,2720029313,0
686회,2016-01-23,7,12,15,24,25,43,13,8,1937531719,0
685회,2016-01-16,6,7,12,28,38,40,18,11,1494367671,0
684회,2016-01-09,1,11,15,17,25,39,40,9,1688815709,0
683회,2016-01-02,6,13,20,27,28,40,15,16,1010930883,0
682회,2015-12-26,17,23,27,35,38,43,2,4,4063713563,0
681회,2015-12-19,21,24,27,29,43,44,7,6,2696328938,0
680회,2015-12-12,4,10,19,29,32,42,30,14,1110570563,0
679회,2015-12-05,3,5,7,14,26,34,35,5,2863005600,0
678회,2015-11-28,4,5,6,12,25,37,45,6,2288490188,0
677회,2015-11-21,12,15,24,36,41,44,42,8,1921114407,0
676회,2015-11-14,1,8,17,34,39,45,27,8,1879726500,0
675회,2015-11-07,1,8,11,15,18,45,7,4,3514549032,0
674회,2015-10-31,9,10,14,25,27,31,11,8,1770565500,0
673회,2015-10-24,7,10,17,29,33,44,5,10,1491453300,0
672회,2015-10-17,8,21,28,31,36,45,43,9,1754745000,0
671회,2015-10-10,7,9,10,13,31,35,24,4,3722322844,0
670회,2015-10-03,11,18,26,27,40,41,25,12,1191725219,0
669회,2015-09-26,7,8,20,29,33,38,9,6,2708173188,0
668회,2015-09-19,12,14,15,24,27,32,3,5,2991158625,0
667회,2015-09-12,15,17,25,37,42,43,13,7,2228764393,0
666회,2015-09-05,2,4,6,11,17,28,16,6,2396901063,0
665회,2015-08-29,5,6,11,17,38,44,13,4,3643230375,0
664회,2015-08-22,10,20,33,36,41,44,5,10,1536801338,0
663회,2015-08-15,3,5,8,19,38,42,20,7,2080244143,0
662회,2015-08-08,5,6,9,11,15,37,26,8,1689733688,0
661회,2015-08-01,2,3,12,20,27,38,40,8,1713025547,0
660회,2015-07-25,4,9,23,33,39,44,14,10,1421272575,0
659회,2015-07-18,7,18,19,27,29,42,45,11,1336604216,0
658회,2015-07-11,8,19,25,28,32,36,37,9,1634031375,0
657회,2015-07-04,10,14,19,39,40,43,23,9,1694762792,0
656회,2015-06-27,3,7,14,16,31,40,39,2,7330002750,0
655회,2015-06-20,7,37,38,39,40,44,18,9,1661439625,0
654회,2015-06-13,16,21,26,31,36,43,6,8,1879301391,0
653회,2015-06-06,5,6,26,27,38,39,1,14,980958670,0
652회,2015-05-30,3,13,15,40,41,44,20,5,3003483525,0
651회,2015-05-23,11,12,16,26,29,44,18,8,1855306454,0
650회,2015-05-16,3,4,7,11,31,41,35,5,2849298900,0
649회,2015-05-09,3,21,22,33,41,42,20,5,2948042100,0
648회,2015-05-02,13,19,28,37,38,43,4,7,2120987947,0
647회,2015-04-25,5,16,21,23,24,30,29,7,2189725608,0
646회,2015-04-18,2,9,24,41,43,45,30,7,2215498393,0
645회,2015-04-11,1,4,16,26,40,41,31,4,3696297750,0
644회,2015-04-04,5,13,17,23,28,36,8,8,1831451204,0
643회,2015-03-28,15,24,31,32,33,40,13,6,2535763625,0
642회,2015-03-21,8,17,18,24,39,45,32,12,1251460438,0
641회,2015-03-14,11,18,21,36,37,43,12,8,1990074563,0
640회,2015-03-07,14,15,18,21,26,35,23,9,1728768834,0
639회,2015-02-28,6,15,22,23,25,32,40,4,4061185219,0
638회,2015-02-21,7,18,22,24,31,34,6,7,2229403179,0
637회,2015-02-14,3,16,22,37,38,44,23,4,3899241094,0
636회,2015-02-07,6,7,15,16,20,31,26,8,1832362219,0
635회,2015-01-31,11,13,25,26,29,33,32,8,1855587235,0
634회,2015-01-24,4,10,11,12,20,27,38,13,1077935106,0
633회,2015-01-17,9,12,19,20,39,41,13,12,1217257094,0
632회,2015-01-10,15,18,21,32,35,44,6,11,1432587716,0
631회,2015-01-03,1,2,4,23,31,34,8,4,3919853532,0
630회,2014-12-27,8,17,21,24,27,31,15,3,4836305500,0
629회,2014-12-20,19,28,31,38,43,44,1,5,2919433575,0
628회,2014-12-13,1,7,12,15,23,42,11,9,1499942875,0
627회,2014-12-06,2,9,22,25,31,45,12,10,1352230650,0
626회,2014-11-29,13,14,26,33,40,43,15,8,1717871110,0
625회,2014-11-22,3,6,7,20,21,39,13,5,2765184675,0
624회,2014-11-15,1,7,19,26,27,35,16,5,2763729450,0
623회,2014-11-08,7,13,30,39,41,45,25,8,1813702594,0
622회,2014-11-01,9,15,16,21,28,34,24,9,1630598292,0
621회,2014-10-25,1,2,6,16,19,42,9,6,2359723500,0
620회,2014-10-18,2,16,17,32,39,45,40,7,2028283233,0
619회,2014-10-11,6,8,13,30,35,40,21,3,4612479375,0
618회,2014-10-04,8,16,25,30,42,43,15,5,2881326225,0
617회,2014-09-27,4,5,11,12,24,27,28,8,1629701860,0
616회,2014-09-20,5,13,18,23,40,45,3,9,1611811250,0
615회,2014-09-13,10,17,18,19,23,27,35,9,1535062417,0
614회,2014-09-06,8,21,25,39,40,44,18,6,2540975438,0
613회,2014-08-30,7,8,11,16,41,44,35,9,1549831209,0
612회,2014-08-23,6,9,18,19,25,33,40,11,1181705250,0
611회,2014-08-16,2,22,27,33,36,37,14,4,3502706157,0
610회,2014-08-09,14,18,20,23,28,36,33,4,3516018375,0
609회,2014-08-02,4,8,27,34,39,40,13,2,6339311438,0
608회,2014-07-26,4,8,18,19,39,44,41,7,1943530018,0
607회,2014-07-19,8,14,23,36,38,39,13,4,3494480907,0
606회,2014-07-12,1,5,6,14,20,39,22,10,1311566850,0
605회,2014-07-05,1,2,7,9,10,38,42,9,1394232250,56622924000
604회,2014-06-28,2,6,18,21,33,34,30,11,1229141557,56266399000
603회,2014-06-21,2,19,25,26,27,43,28,4,3452136563,56276650000
602회,2014-06-14,13,14,22,27,30,38,2,8,1689530860,56262855000
601회,2014-06-07,2,16,19,31,34,35,37,9,1524565209,55868455000
600회,2014-05-31,5,11,14,27,29,36,44,15,901798725,56372519000
599회,2014-05-24,5,12,17,29,34,35,27,8,1710918329,57381791000
598회,2014-05-17,4,12,24,33,38,45,22,16,833998594,57518550000
597회,2014-05-10,8,10,23,24,35,43,37,13,1057920606,56832361000
596회,2014-05-03,3,4,12,14,25,43,17,10,1328267663,56561071000
595회,2014-04-26,8,24,28,35,38,40,5,8,1744525219,57797288000
594회,2014-04-19,2,8,13,25,28,37,3,11,1255592796,57764442000
593회,2014-04-12,9,10,13,24,33,38,28,9,1532833500,59368204000
592회,2014-04-05,2,5,6,13,28,44,43,6,2356381688,58097477000
591회,2014-03-29,8,13,14,30,38,39,5,5,2964676200,59373946000
590회,2014-03-22,20,30,36,38,41,45,23,7,2185183983,60003131000
589회,2014-03-15,6,8,28,33,38,39,22,7,2136877983,60643729000
588회,2014-03-08,2,8,15,22,25,41,30,5,2889342075,59533101000
587회,2014-03-01,14,21,29,31,32,37,17,3,4974577375,59715499000
586회,2014-02-22,2,7,12,15,21,34,5,8,1778354344,59502096000
585회,2014-02-15,6,7,10,16,38,41,4,9,1620546334,60253002000
584회,2014-02-08,7,18,30,39,40,41,36,3,5033183250,61343856000
583회,2014-02-01,8,17,27,33,40,44,24,11,1341848353,62675295000
582회,2014-01-25,2,12,14,33,40,41,25,4,3560558719,59306953000
581회,2014-01-18,3,5,14,20,42,44,33,8,1844554547,60257457000
580회,2014-01-11,5,7,9,11,32,35,33,7,2028610500,60514216000
579회,2014-01-04,5,7,20,22,37,42,39,11,1396068444,63532871000
578회,2013-12-28,5,12,14,32,34,42,16,5,2796466575,58584741000
577회,2013-12-21,16,17,22,31,34,37,33,3,4484438375,57010827000
576회,2013-12-14,10,11,15,25,35,41,13,3,4321966000,54691148000
575회,2013-12-07,2,8,20,30,33,34,6,8,1699267875,56330738000
574회,2013-11-30,14,15,16,19,25,43,2,2,6965184938,55882933000
573회,2013-11-23,2,4,20,34,35,43,14,8,1645691766,56092721000
572회,2013-11-16,3,13,18,33,37,45,1,8,1668216188,56473602000
571회,2013-11-09,11,18,21,26,38,43,29,7,1966538465,56493528000
570회,2013-11-02,1,12,26,27,29,33,42,9,1527791625,57654279000
569회,2013-10-26,3,6,13,23,24,35,1,4,3467925188,58441902000
568회,2013-10-19,1,3,17,20,31,44,40,10,1305167550,57681628000
567회,2013-10-12,1,10,15,16,32,41,28,6,2318659438,57439471000
566회,2013-10-05,4,5,6,25,26,43,41,4,3508951032,57666611000
565회,2013-09-28,4,10,18,27,40,45,38,8,1742064469,59556622000
564회,2013-09-21,14,19,25,26,27,34,2,7,1934801143,58012468000
563회,2013-09-14,5,10,16,17,31,32,21,7,1932735643,57320132000
562회,2013-09-07,4,11,13,17,20,31,33,11,1166694614,56288212000
561회,2013-08-31,5,7,18,37,42,45,20,5,2753712225,56638383000
560회,2013-08-24,1,4,20,23,29,45,28,7,1976697215,56565298000
559회,2013-08-17,11,12,25,32,44,45,23,7,1926145608,55733418000
558회,2013-08-10,12,15,19,26,40,43,29,10,1315913663,54939001000
557회,2013-08-03,4,20,26,28,35,40,31,7,1888069286,55086560000
556회,2013-07-27,12,20,23,28,30,44,43,7,2005209161,57374791000
555회,2013-07-20,11,17,21,24,26,36,12,8,1711027360,57273817000
554회,2013-07-13,13,14,17,32,41,42,6,2,6813893625,56124466000
553회,2013-07-06,2,7,17,28,29,39,37,6,2249631438,56487483000
552회,2013-06-29,1,10,20,32,35,40,43,10,1330824225,57602386000
551회,2013-06-22,3,6,20,24,27,44,25,1,13526973750,56989370000
550회,2013-06-15,1,7,14,20,34,37,41,11,1118679205,56441770000
549회,2013-06-08,29,31,35,38,40,44,17,8,1760805047,56864611000
548회,2013-06-01,1,12,13,21,32,45,14,8,1736871891,57771827000
547회,2013-05-25,6,7,15,22,34,39,28,5,2838444450,57968466000
546회,2013-05-18,8,17,20,27,37,43,6,30,405939950,56713166000
545회,2013-05-11,4,24,25,27,34,35,2,11,1198994353,55967171000
544회,2013-05-04,5,17,21,25,36,44,10,13,1046388433,56056189000
543회,2013-04-27,13,18,26,31,34,44,12,12,1112934844,56570245000
542회,2013-04-20,5,6,19,26,41,45,34,6,2335152563,56949161000
541회,2013-04-13,8,13,26,28,32,34,43,11,1269327171,57087047000
540회,2013-04-06,3,12,13,15,34,36,14,7,1989365250,56739658000
539회,2013-03-30,3,19,22,31,42,43,26,9,1621036667,59168870000
538회,2013-03-23,6,10,18,31,32,34,11,3,4688021625,59233373000
537회,2013-03-16,12,23,26,30,36,43,11,7,2104038911,59453323000
536회,2013-03-09,7,8,18,32,37,43,12,11,1308523603,59763469000
535회,2013-03-02,11,12,14,15,18,39,34,3,4935603000,60523884000
534회,2013-02-23,10,24,26,29,37,38,32,1,14215763250,59227462000
533회,2013-02-16,9,14,15,17,31,33,23,8,1785671579,59275357000
532회,2013-02-09,16,17,23,24,29,44,3,7,2216896286,61687384000
531회,2013-02-02,1,5,9,21,27,35,45,9,1521519750,57567064000
530회,2013-01-26,16,23,27,29,33,41,22,11,1231656239,56241083000
529회,2013-01-19,18,20,24,27,31,42,39,8,1749114797,57645779000
528회,2013-01-12,5,17,25,31,39,40,10,11,1197889125,57548541000
527회,2013-01-05,1,12,22,32,33,42,38,13,1032386366,56985634000
526회,2012-12-29,7,14,17,20,35,39,31,9,1491031959,56527807000
525회,2012-12-22,11,23,26,29,39,44,22,9,1501132375,55566007000
524회,2012-12-15,10,11,29,38,41,45,21,4,3491695594,55662103000
523회,2012-12-08,1,4,37,38,40,45,7,7,1780355840,53678449000
522회,2012-12-01,4,5,13,14,37,41,11,6,2281623000,57053378000
521회,2012-11-24,3,7,18,29,32,36,19,8,1693420922,56185373000
520회,2012-11-17,4,22,27,28,38,40,1,6,2167205438,55003797000
519회,2012-11-10,6,8,13,16,30,43,3,7,1950601393,55614206000
518회,2012-11-03,14,23,30,32,34,38,6,6,2263804125,55321566000
517회,2012-10-27,1,9,12,28,36,41,10,5,2659057725,54468223000
516회,2012-10-20,2,8,23,41,43,44,30,11,1294190182,56385762000
515회,2012-10-13,2,11,12,15,23,37,8,1,13200466875,55258935000
514회,2012-10-06,1,15,20,26,35,42,9,3,4451055500,54452404000
513회,2012-09-29,5,8,21,23,27,33,12,3,4589624750,58317548000
512회,2012-09-22,4,5,9,13,26,27,1,13,940094452,54017801000
511회,2012-09-15,3,7,14,23,26,42,24,6,2165579250,53970308000
510회,2012-09-08,12,29,32,33,39,40,42,5,2644158150,53964992000
509회,2012-09-01,12,25,29,35,42,43,24,5,2689076100,53390358000
508회,2012-08-25,5,27,31,34,35,43,37,8,1599557860,54010391000
507회,2012-08-18,12,13,32,33,40,41,4,9,1416438875,53638773000
506회,2012-08-11,6,9,11,22,24,30,31,3,4073333875,52363311000
505회,2012-08-04,7,20,22,25,38,40,44,6,1917955188,49103223000
504회,2012-07-28,6,14,22,26,43,44,31,9,1443236959,51787037000
503회,2012-07-21,1,5,27,30,34,36,40,7,1853634911,53572205000
502회,2012-07-14,6,22,28,32,34,40,26,6,2201458125,54000640000
501회,2012-07-07,1,4,10,17,31,42,2,4,3025200094,52717711000
500회,2012-06-30,3,4,12,20,24,34,41,9,1351072375,54012267000
499회,2012-06-23,5,20,23,27,35,40,43,3,4070480250,52767632000
498회,2012-06-16,13,14,24,32,39,41,3,4,3244503094,52851253000
497회,2012-06-09,19,20,23,24,43,44,13,6,2222817813,52411585000
496회,2012-06-02,4,13,20,29,36,41,39,4,3285932250,52915804000
495회,2012-05-26,4,13,22,27,34,44,6,6,2111645000,53645960000
494회,2012-05-19,5,7,8,15,30,43,22,12,1054588407,53321589000
493회,2012-05-12,20,22,26,33,36,37,25,9,1451120334,53231838000
492회,2012-05-05,22,27,31,35,37,40,42,5,2493013800,51693454000
491회,2012-04-28,8,17,35,36,39,42,4,4,3304634438,53413874000
490회,2012-04-21,2,7,26,29,40,43,42,7,1860234161,52590121000
489회,2012-04-14,2,4,8,15,20,27,11,6,2106360625,53558490000
488회,2012-04-07,2,8,17,30,31,38,25,10,1330393575,54213092000
487회,2012-03-31,4,8,25,27,37,41,21,8,1638830766,55276503000
486회,2012-03-24,1,2,23,25,38,40,43,13,1008634125,54540823000
485회,2012-03-17,17,22,26,27,36,39,20,9,1501474917,55692878000
484회,2012-03-10,1,3,27,28,32,45,11,6,2305303063,55885979000
483회,2012-03-03,12,15,19,22,28,34,5,5,2567196675,55582659000
482회,2012-02-25,1,10,16,24,25,35,43,7,1897921179,56201452000
481회,2012-02-18,3,4,23,29,40,41,20,3,4639355750,55642616000
480회,2012-02-11,3,5,10,17,30,31,16,4,2996742282,55415681000
479회,2012-02-04,8,23,25,27,35,44,24,6,2233046500,54848834000
478회,2012-01-28,18,29,30,37,39,43,8,14,987224759,54975901000
477회,2012-01-21,14,25,29,32,33,45,37,8,1919011829,60801409000
476회,2012-01-14,9,12,13,15,37,38,27,4,3439851469,55591819000
475회,2012-01-07,1,9,14,16,21,29,3,8,1693923047,56043275000
474회,2011-12-31,4,13,18,31,33,45,43,15,936690800,58978482000
473회,2011-12-24,8,13,20,22,23,36,34,4,3250418063,52867236000
472회,2011-12-17,16,25,26,31,36,43,44,7,1809656090,51929207000
471회,2011-12-10,6,13,29,37,39,41,43,7,1939332858,53492340000
470회,2011-12-03,10,16,20,39,41,42,27,3,4333330625,53912965000
469회,2011-11-26,4,21,22,34,37,38,33,4,3330131250,53364940000
468회,2011-11-19,8,13,15,28,37,43,17,9,1527197167,55598552000
467회,2011-11-12,2,12,14,17,24,40,39,9,1435441084,57383906000
466회,2011-11-05,4,10,13,23,32,44,20,9,1530313459,58314753000
465회,2011-10-29,1,8,11,13,22,38,31,7,1923662893,57793294000
464회,2011-10-22,6,12,15,34,42,44,4,13,3355721106,126772274000
463회,2011-10-15,23,29,31,33,34,44,40,0,0,49205151000
462회,2011-10-08,3,20,24,32,37,45,4,8,1483559297,49325555000
461회,2011-10-01,11,18,26,31,37,40,43,6,1948674875,50624588000
460회,2011-09-24,8,11,28,30,43,45,41,4,3180895782,51917635000
459회,2011-09-17,4,6,10,14,25,40,12,7,1655842233,49890095000
458회,2011-09-10,4,9,10,32,36,40,18,8,1608812625,53778256000
457회,2011-09-03,8,10,18,23,27,40,33,10,1159902825,49679052000
456회,2011-08-27,1,7,12,18,23,27,44,7,1598505054,49420681000
455회,2011-08-20,4,19,20,26,30,35,24,7,1635711483,48769851000
454회,2011-08-13,13,25,27,34,38,41,10,7,1609125590,48389211000
453회,2011-08-06,12,24,33,38,40,42,30,5,2262732375,48055125000
452회,2011-07-30,8,10,18,30,32,34,27,9,1276902000,48456758000
451회,2011-07-23,12,15,20,24,30,38,29,13,882138952,49861167000
450회,2011-07-16,6,14,19,21,23,31,13,6,1990391625,49732036000
449회,2011-07-09,3,10,20,26,35,43,36,3,4059715250,50214272000
448회,2011-07-02,3,7,13,27,40,41,36,3,4026212750,51341262000
447회,2011-06-25,2,7,8,9,17,33,34,4,2657941125,49555042000
446회,2011-06-18,1,11,12,14,26,35,6,3,4051247625,50595241000
445회,2011-06-11,13,20,21,30,39,45,32,7,1791683036,50053080000
444회,2011-06-04,11,13,23,35,43,45,17,3,4154188625,50673529000
443회,2011-05-28,4,6,10,19,20,44,14,9,1327597584,51236072000
442회,2011-05-21,25,27,29,36,38,40,41,9,1413413042,51219943000
441회,2011-05-14,1,23,28,30,34,35,9,4,3170417063,50272122000
440회,2011-05-07,10,22,28,34,36,44,2,6,1995873000,49810778000
439회,2011-04-30,17,20,30,31,37,40,25,6,1900077375,49680708000
438회,2011-04-23,6,12,20,26,29,38,45,9,1377142167,50370042000
437회,2011-04-16,11,16,29,38,41,44,21,6,2096245438,50798417000
436회,2011-04-09,9,14,20,22,33,34,28,8,1512266579,50869017000
435회,2011-04-02,8,16,26,30,38,45,42,10,1287550013,52341267000
434회,2011-03-26,3,13,20,24,33,37,35,8,1480060266,51579439000
433회,2011-03-19,19,23,29,33,35,43,27,11,1182294410,52396606000
432회,2011-03-12,2,3,5,11,27,39,33,5,2299427550,52348574000
431회,2011-03-05,18,22,25,31,38,45,6,10,1268434013,51661947000
430회,2011-02-26,1,3,16,18,30,34,44,8,1611763219,53194872000
429회,2011-02-19,3,23,28,34,39,42,16,9,1485904709,53993833000
428회,2011-02-12,12,16,19,22,37,40,8,9,1437683209,54685007000
427회,2011-02-05,6,7,15,24,28,30,21,1,12571445625,52511055000
426회,2011-01-29,4,17,18,27,39,43,19,4,3057233625,51466592000
425회,2011-01-22,8,10,14,27,33,38,3,8,1534833000,50459694000
424회,2011-01-15,10,11,26,31,34,44,30,10,1109480813,48728445000
423회,2011-01-08,1,17,27,28,29,40,5,3,3896153875,49668311000
422회,2011-01-01,8,15,19,21,34,44,12,6,2205251375,52730602000
421회,2010-12-25,6,11,26,27,28,44,30,5,2321144325,47752021000
420회,2010-12-18,4,9,10,29,31,34,27,8,1424856375,47345476000
419회,2010-12-11,2,11,13,14,28,30,7,3,3796490750,46508296000
418회,2010-12-04,11,13,15,26,28,34,31,8,1435649766,47058055000
417회,2010-11-27,4,5,14,20,22,43,44,4,2818329938,45968256000
416회,2010-11-20,5,6,8,11,22,26,44,10,1072037100,46854806000
415회,2010-11-13,7,17,20,26,30,40,24,8,1334182407,46746048000
414회,2010-11-06,2,14,15,22,23,44,43,1,11703832500,46910990000
413회,2010-10-30,2,9,15,23,34,40,3,4,2814673500,46925724000
412회,2010-10-23,4,7,39,41,42,45,40,7,1656199822,47066180000
411회,2010-10-16,11,14,22,35,37,39,5,12,953227563,47259122000
410회,2010-10-09,1,3,18,32,40,41,16,9,1249335709,47467817000
409회,2010-10-02,6,9,21,31,32,40,38,4,2896989750,47924584000
408회,2010-09-25,9,20,21,22,30,37,16,5,2235375825,46406711000
407회,2010-09-18,6,7,13,16,24,25,1,7,1649707286,48429586000
406회,2010-09-11,7,12,21,24,27,36,45,5,2156142450,46062206000
405회,2010-09-04,1,2,10,25,26,44,4,3,3543878000,45220904000
404회,2010-08-28,5,20,21,24,33,40,36,3,3566659375,45389825000
403회,2010-08-21,10,14,22,24,28,37,26,5,2122396875,44911335000
402회,2010-08-14,5,9,15,19,22,36,32,4,2662206188,45002946000
401회,2010-08-07,6,12,18,31,38,43,9,9,1168214792,43491965000
400회,2010-07-31,9,21,27,34,41,43,2,4,2669834325,45379731000
399회,2010-07-24,1,2,9,17,19,42,20,8,1276854975,45551786000
398회,2010-07-17,10,15,20,23,42,44,7,4,2680625550,45427304000
397회,2010-07-10,12,13,17,22,25,33,8,3,3499519700,45890007000
396회,2010-07-03,18,20,31,34,40,45,30,2,5296622400,45463736000
395회,2010-06-26,11,15,20,26,31,35,7,7,1534635000,46192580000
394회,2010-06-19,1,13,20,22,25,28,15,1,10654349100,45192337000
393회,2010-06-12,9,16,28,40,41,43,21,8,1362003975,45989116000
392회,2010-06-05,1,3,7,8,24,42,43,6,1713528700,45528684000
391회,2010-05-29,10,11,18,22,28,39,30,1,10508749800,45161516000
390회,2010-05-22,16,17,28,37,39,40,15,1,10373997900,44189673000
389회,2010-05-15,7,16,18,20,23,26,3,5,2119027020,45534027000
388회,2010-05-08,1,8,9,17,29,32,45,4,2545543875,44308705000
387회,2010-05-01,1,26,31,34,40,43,20,4,2675533500,45459960000
386회,2010-04-24,4,7,10,19,31,40,26,10,1042953330,45907331000
385회,2010-04-17,7,12,19,21,29,32,9,7,1542032700,46243483000
384회,2010-04-10,11,22,24,32,36,38,7,3,3658734200,46888942000
383회,2010-04-03,4,15,28,33,37,40,25,3,3596522100,46067051000
382회,2010-03-27,10,15,22,24,27,42,19,6,1846674900,47401288000
381회,2010-03-20,1,5,10,12,16,20,11,19,565738895,47943113000
380회,2010-03-13,1,2,8,17,26,37,27,4,2684274825,47164371000
379회,2010-03-06,6,10,22,31,35,40,19,7,1598999786,47537685000
378회,2010-02-27,5,22,29,31,34,39,43,5,2317698240,48866964000
377회,2010-02-20,6,22,29,37,43,45,23,3,3912085400,49218434000
376회,2010-02-13,1,11,13,24,28,40,7,6,1956915800,50657096000
375회,2010-02-06,4,8,19,25,27,45,7,7,1581284058,47864938000
374회,2010-01-30,11,13,15,17,25,34,26,2,5528717850,48081319000
373회,2010-01-23,15,26,37,42,43,45,9,4,2791801125,47095065000
372회,2010-01-16,8,11,14,16,18,21,13,9,1192593200,46167066000
371회,2010-01-09,7,9,15,26,27,42,18,7,1524130543,45843166000
370회,2010-01-02,16,18,24,42,44,45,17,7,1678941943,49762652000
369회,2009-12-26,17,20,35,36,41,43,21,6,1842177750,46716275000
368회,2009-12-19,11,21,24,30,39,45,26,7,1465825115,43746046000
367회,2009-12-12,3,22,25,29,32,44,19,7,1581736586,46459307000
366회,2009-12-05,5,12,19,26,27,44,38,2,5351553900,45962166000
365회,2009-11-28,5,15,21,25,26,30,31,1,10697716800,45806066000
364회,2009-11-21,2,5,7,14,16,40,4,4,2531914800,44192004000
363회,2009-11-14,11,12,14,21,32,38,6,4,2615910600,44863948000
362회,2009-11-07,2,3,22,27,30,40,29,6,1729424650,44336363000
361회,2009-10-31,5,10,16,24,27,35,33,7,1473115115,45062676000
360회,2009-10-24,4,16,23,25,35,40,27,3,3566716200,45719032000
359회,2009-10-17,1,10,19,20,24,40,23,8,1286712600,45288256000
358회,2009-10-10,1,9,10,12,21,40,37,3,3472654900,45651829000
357회,2009-10-03,10,14,18,21,36,37,5,2,5313394350,45232409000
356회,2009-09-26,2,8,14,25,29,45,24,9,1157185267,44684958000
355회,2009-09-19,5,8,29,30,35,44,38,5,2145424800,45017050000
354회,2009-09-12,14,19,36,43,44,45,1,5,2124464340,44709689000
353회,2009-09-05,11,16,19,22,29,36,26,2,5290838250,44552925000
352회,2009-08-29,5,16,17,20,26,41,24,6,1732858250,44719545000
351회,2009-08-22,5,25,27,29,34,36,33,4,2583357150,43947492000
350회,2009-08-15,1,8,18,24,29,33,35,9,1101052467,42681094000
349회,2009-08-08,5,13,14,20,24,25,36,3,3353209000,43433870000
348회,2009-08-01,3,14,17,20,24,31,34,3,3299994000,42786310000
347회,2009-07-25,3,8,13,27,32,42,10,7,1456624286,44219740000
346회,2009-07-18,5,13,14,22,44,45,33,5,2017727340,42862389000
345회,2009-07-11,15,20,23,29,39,42,2,2,5203577550,43530937000
344회,2009-07-04,1,2,15,28,34,45,38,7,1467106543,43838886000
343회,2009-06-27,1,10,17,29,31,43,15,6,1717153000,43656460000
342회,2009-06-20,1,13,14,33,34,43,25,3,3454095800,43782188000
341회,2009-06-13,1,8,19,34,39,43,41,7,1497207772,44722448000
340회,2009-06-06,18,24,26,29,34,38,32,7,1439393186,42892121000
339회,2009-05-30,6,8,14,21,30,37,45,9,1096778334,42035640000
338회,2009-05-23,2,13,34,38,42,45,16,3,3383431000,43136020000
337회,2009-05-16,1,5,14,18,32,37,4,8,1257500513,43432467000
336회,2009-05-09,3,5,20,34,35,44,16,6,1685632650,43069333000
335회,2009-05-02,5,9,16,23,26,45,21,5,2037492480,43977478000
334회,2009-04-25,13,15,21,29,39,43,33,7,1523002972,44439656000
333회,2009-04-18,5,14,27,30,39,43,35,7,1550987143,46019070000
332회,2009-04-11,16,17,34,36,42,45,3,8,1359448388,46042557000
331회,2009-04-04,4,9,14,26,31,44,39,5,2165902620,46641467000
330회,2009-03-28,3,4,16,17,19,20,23,9,1162280200,45859496000
329회,2009-03-21,9,17,19,30,35,42,4,6,1830391200,47198504000
328회,2009-03-14,1,6,9,16,17,28,24,6,1819795900,47316988000
327회,2009-03-07,6,12,13,17,32,44,24,12,882674750,45791560000
326회,2009-02-28,16,23,25,33,36,39,40,6,1832134550,47224551000
325회,2009-02-21,7,17,20,32,44,45,33,6,1806122450,46636979000
324회,2009-02-14,2,4,21,25,33,36,17,6,1865130350,47988317000
323회,2009-02-07,10,14,15,32,36,42,3,8,1461025388,49209477000
322회,2009-01-31,9,18,29,32,38,43,20,6,1904544700,48948294000
321회,2009-01-24,12,18,20,21,25,34,42,6,1959136100,50617982000
320회,2009-01-17,16,19,23,25,41,45,3,2,5513067900,46659886000
319회,2009-01-10,5,8,22,28,33,42,37,5,2135659380,45435183000
318회,2009-01-03,2,17,19,20,34,45,21,9,1207436600,46663728000
317회,2008-12-27,3,10,11,22,36,39,8,4,2576258550,44135114000
316회,2008-12-20,10,11,21,27,31,39,43,6,1673586400,44073768000
315회,2008-12-13,1,13,33,35,43,45,23,8,1308728625,44339180000
314회,2008-12-06,15,17,19,34,38,41,2,6,1660512200,42328094000
313회,2008-11-29,9,17,34,35,43,45,2,6,1715422800,43672096000
312회,2008-11-22,2,3,5,6,12,20,25,15,629017820,42255391000
311회,2008-11-15,4,12,24,27,28,32,10,8,1237691063,43209215000
310회,2008-11-08,1,5,19,28,34,41,16,8,1296713325,43718082000
309회,2008-11-01,1,2,5,11,18,36,22,11,901622946,44157528000
308회,2008-10-25,14,15,17,19,37,45,40,1,10232872800,43339416000
307회,2008-10-18,5,15,21,23,25,45,12,4,2587643250,43880990000
306회,2008-10-11,4,18,23,30,34,41,19,5,2102669520,44421462000
305회,2008-10-04,7,8,18,21,23,39,9,5,2008210140,43960659000
304회,2008-09-27,4,10,16,26,33,41,38,6,1661646150,43158653000
303회,2008-09-20,2,14,17,30,38,45,43,6,1672749000,42841760000
302회,2008-09-13,13,19,20,32,38,42,4,2,5472167250,46382605000
301회,2008-09-06,7,11,13,33,37,43,26,7,1447385015,44377177000
300회,2008-08-30,7,9,10,12,26,38,39,12,836092425,44465047000
299회,2008-08-23,1,3,20,25,36,45,24,7,1483772529,44463909000
298회,2008-08-16,5,9,27,29,37,40,19,1,9909778500,43151675000
297회,2008-08-09,6,11,19,20,28,32,34,2,5056668750,43641475000
296회,2008-08-02,3,8,15,27,30,45,44,8,3066088275,63377899000
295회,2008-07-26,1,4,12,16,18,38,8,0,0,42248135000
294회,2008-07-19,6,10,17,30,37,38,40,4,2406504975,41563813000
293회,2008-07-12,1,9,17,21,29,33,24,6,1656764400,42399708000
292회,2008-07-05,17,18,31,32,33,34,10,14,720373950,43394631000
291회,2008-06-28,3,7,8,18,20,42,45,7,1450585200,44143418000
290회,2008-06-21,8,13,18,32,39,45,7,13,2149214424,80362302000
289회,2008-06-14,3,14,33,37,38,42,10,0,0,39406643000
288회,2008-06-07,1,12,17,28,35,41,10,4,2357261550,39970134000
287회,2008-05-31,6,12,24,27,35,37,41,7,1328657100,40623489000
286회,2008-05-24,1,15,19,40,42,44,17,3,3236566300,40944483000
285회,2008-05-17,13,33,37,40,41,45,2,3,3164370100,40364871000
284회,2008-05-10,2,7,15,24,30,45,28,3,3117640300,39773403000
283회,2008-05-03,6,8,18,31,38,45,42,3,3137224600,40133316000
282회,2008-04-26,2,5,10,18,31,32,30,7,1322052643,41051175000
281회,2008-04-19,1,3,4,6,14,41,12,6,1554683200,40800514000
280회,2008-04-12,10,11,23,24,36,37,35,7,1355258529,40673999000
279회,2008-04-05,7,16,31,36,37,38,11,5,1914205320,41130542000
278회,2008-03-29,3,11,37,39,41,43,13,3,3186530000,41088180000
277회,2008-03-22,10,12,13,15,25,29,20,3,3272627800,41868708000
276회,2008-03-15,4,15,21,33,39,41,25,3,3312569000,42567610000
275회,2008-03-08,14,19,20,35,38,40,26,1,10044066900,42329813000
274회,2008-03-01,13,14,15,26,35,39,25,4,2505085575,42631711000
273회,2008-02-23,1,8,24,31,34,44,6,3,3339543100,42816211000
272회,2008-02-16,7,9,12,27,39,43,28,9,1104622800,43310674000
271회,2008-02-09,3,8,9,27,29,40,36,6,1565918150,40879633000
270회,2008-02-02,5,9,12,20,21,26,27,5,1927830060,41845351000
269회,2008-01-26,5,18,20,36,42,43,32,5,1961399940,41357619000
268회,2008-01-19,3,10,19,24,32,45,12,7,1350954515,41213802000
267회,2008-01-12,7,8,24,34,36,41,1,3,3257663300,41835853000
266회,2008-01-05,3,4,9,11,22,42,37,3,3207211700,41937067000
265회,2007-12-29,5,9,34,37,38,39,12,8,1200838575,40913922000
264회,2007-12-22,9,16,27,36,41,44,5,7,1344889200,39783178000
263회,2007-12-15,1,27,28,32,37,40,18,6,1551704900,39677128000
262회,2007-12-08,9,12,24,25,29,31,36,2,4518741600,39232234000
261회,2007-12-01,6,11,16,18,31,43,2,3,3192299100,41215041000
260회,2007-11-24,7,12,15,24,37,40,43,4,2310085575,40140211000
259회,2007-11-17,4,5,14,35,42,45,34,2,4838533500,40905570000
258회,2007-11-10,14,27,30,31,38,40,17,4,2426434350,41364428000
257회,2007-11-03,6,13,27,31,32,37,4,4,2391377025,41433637000
256회,2007-10-27,4,11,14,21,23,43,32,2,4891017000,41996580000
255회,2007-10-20,1,5,6,24,27,42,32,6,1598618550,41425341000
254회,2007-10-13,1,5,19,20,24,30,27,1,9741015900,42259113000
253회,2007-10-06,8,19,25,31,34,36,33,4,2466189525,42309347000
252회,2007-09-29,14,23,26,31,39,45,28,7,1391089715,41207920000
251회,2007-09-22,6,7,19,25,28,38,45,8,1282616400,44493014000
250회,2007-09-15,19,23,30,37,43,45,38,5,1994726280,42122808000
249회,2007-09-08,3,8,27,31,41,44,11,6,1663568700,42539134000
248회,2007-09-01,3,8,17,23,38,45,13,8,1227479363,42348403000
247회,2007-08-25,12,15,28,36,39,40,13,6,1669313900,42231698000
246회,2007-08-18,13,18,21,23,26,39,15,5,1911774240,41453154000
245회,2007-08-11,9,11,27,31,32,38,22,7,1382583129,41854623000
244회,2007-08-04,13,16,25,36,37,38,19,1,9121583100,39411047000
243회,2007-07-28,2,12,17,19,28,42,34,4,2408850000,41304830000
242회,2007-07-21,4,19,20,21,32,34,43,8,1234542375,42679760000
241회,2007-07-14,2,16,24,27,28,35,21,4,2552016300,43246894000
240회,2007-07-07,6,10,16,40,41,43,21,2,5098251450,43603443000
239회,2007-06-30,11,15,24,39,41,44,7,9,1134140167,43296565000
238회,2007-06-23,2,4,15,28,31,34,35,9,1121660567,42952477000
237회,2007-06-16,1,11,17,21,24,44,33,7,1440630729,43358287000
236회,2007-06-09,1,4,8,13,37,39,7,2,5030040150,42941871000
235회,2007-06-02,21,22,26,27,31,37,8,3,3433330100,43347391000
234회,2007-05-26,13,21,22,24,26,37,4,4,2519743875,42814085000
233회,2007-05-19,4,6,13,17,28,40,39,10,999153750,43516805000
232회,2007-05-12,8,9,10,12,24,44,35,9,1110918400,43564632000
231회,2007-05-05,5,10,19,31,44,45,27,9,1088365900,42355627000
230회,2007-04-28,5,11,14,29,32,33,12,8,1292929163,44191351000
229회,2007-04-21,4,5,9,11,23,38,35,7,1451441100,44762989000
228회,2007-04-14,17,25,35,36,39,44,23,9,1146700334,44764100000
227회,2007-04-07,4,5,15,16,22,42,2,2,5253542400,44444776000
226회,2007-03-31,2,6,8,14,21,22,34,6,1744100150,45145643000
225회,2007-03-24,5,11,13,19,31,36,7,6,1777201800,46352016000
224회,2007-03-17,4,19,26,27,30,42,7,6,1808969950,46435109000
223회,2007-03-10,1,3,18,20,26,27,38,7,1498170600,46036874000
222회,2007-03-03,5,7,28,29,39,43,44,5,2275193820,47735197000
221회,2007-02-24,2,20,33,35,37,40,10,6,1800104250,47674135000
220회,2007-02-17,5,11,19,21,34,43,31,6,1958094950,50383399000
219회,2007-02-10,4,11,20,26,35,37,16,9,1208409167,46903745000
218회,2007-02-03,1,8,14,18,29,44,20,4,2779075800,47018314000
217회,2007-01-27,16,20,27,33,35,39,38,7,1611246172,48260644000
216회,2007-01-20,7,16,17,33,36,40,1,13,848506108,48342018000
215회,2007-01-13,2,3,7,15,43,44,4,7,1587689615,47675761000
214회,2007-01-06,5,7,20,25,28,37,32,8,1406980875,49195740000
213회,2006-12-30,2,3,4,5,20,24,42,8,1376678025,48745094000
212회,2006-12-23,11,12,18,21,31,38,8,4,2660747250,46139120000
211회,2006-12-16,12,13,17,20,33,41,8,10,1035800250,45332675000
210회,2006-12-09,10,19,22,23,25,37,39,2,5139085950,44757963000
209회,2006-12-02,2,7,18,20,24,33,37,6,1660896350,43753377000
208회,2006-11-25,14,25,31,34,40,44,24,6,1760767400,45516378000
207회,2006-11-18,3,11,14,31,32,37,38,5,2104673760,45282336000
206회,2006-11-11,1,2,3,15,20,25,43,5,2032859340,44326979000
205회,2006-11-04,1,3,21,29,35,37,30,6,1835221800,46330516000
204회,2006-10-28,3,12,14,35,40,45,5,8,1358347125,46077750000
203회,2006-10-21,1,3,11,24,30,32,7,5,2164564740,47033359000
202회,2006-10-14,12,14,27,33,39,44,17,6,1893391700,48304034000
201회,2006-10-07,3,11,24,38,39,44,26,1,9719465400,42254768000
200회,2006-09-30,5,6,13,14,17,20,7,8,1344616613,46640423000
199회,2006-09-23,14,21,22,25,30,36,43,2,5344252200,45021068000
198회,2006-09-16,12,19,20,25,41,45,2,6,1797855050,45614021000
197회,2006-09-09,7,12,16,34,42,45,4,6,1803018300,45993306000
196회,2006-09-02,35,36,37,41,44,45,30,15,727876520,45773496000
195회,2006-08-26,7,10,19,22,35,40,31,11,918992591,44374725000
194회,2006-08-19,15,20,23,26,39,44,28,4,2650567875,44511515000
193회,2006-08-12,6,14,18,26,36,39,13,3,3404449700,43788477000
192회,2006-08-05,4,8,11,18,37,45,33,4,2445348375,42035065000
191회,2006-07-29,5,6,24,25,32,37,8,4,2577114675,44534869000
190회,2006-07-22,8,14,18,30,31,44,15,6,1784159450,44864459000
189회,2006-07-15,8,14,32,35,37,45,28,3,3461775100,43650551000
188회,2006-07-08,19,24,27,30,31,34,36,3,3501405200,45176242000
187회,2006-07-01,1,2,8,18,29,38,42,7,1544733900,45855961000
186회,2006-06-24,4,10,14,19,21,45,9,9,1187882600,45484428000
185회,2006-06-17,1,2,4,8,19,38,14,3,3522485800,45783088000
184회,2006-06-10,1,2,6,16,20,33,41,6,1747753050,45503351000
183회,2006-06-03,2,18,24,34,40,42,5,6,1777221500,45938460000
182회,2006-05-27,13,15,27,29,34,40,35,3,3721439400,47222594000
181회,2006-05-20,14,21,23,32,40,45,44,6,1941763300,49124446000
180회,2006-05-13,2,15,20,21,29,34,22,2,5763371550,48895477000
179회,2006-05-06,5,9,17,25,39,43,32,10,1081093920,47291694000
178회,2006-04-29,1,5,11,12,18,23,9,5,2254621080,49582758000
177회,2006-04-22,1,10,13,16,37,43,6,7,1693285500,50480325000
176회,2006-04-15,4,17,30,32,33,34,15,5,2314663080,50488528000
175회,2006-04-08,19,26,28,31,33,36,17,5,2371132620,50895147000
174회,2006-04-01,13,14,18,22,35,39,16,7,1771103058,52340568000
173회,2006-03-25,3,9,24,30,33,34,18,8,1487736788,52286521000
172회,2006-03-18,4,19,21,24,26,41,35,11,1081154073,50758266000
171회,2006-03-11,4,16,25,29,34,35,1,6,1961339700,50357474000
170회,2006-03-04,2,11,13,15,31,42,10,6,1923108250,49718245000
169회,2006-02-25,16,27,35,37,43,45,19,5,2482888380,52076183000
168회,2006-02-18,3,10,31,40,42,43,30,5,2349946920,51496212000
167회,2006-02-11,24,27,28,30,36,39,4,5,2491222920,52744392000
166회,2006-02-04,9,12,27,36,39,45,14,11,1111299982,52157466000
165회,2006-01-28,5,13,18,19,22,42,31,2,6767426700,58088118000
164회,2006-01-21,6,9,10,11,39,41,27,3,4054937900,53052119000
163회,2006-01-14,7,11,26,28,29,44,16,7,1629726515,49018952000
162회,2006-01-07,1,5,21,25,38,41,24,5,2308265760,49050086000
161회,2005-12-31,22,34,36,40,42,45,44,7,1996876272,53096453000
160회,2005-12-24,3,7,8,34,39,41,1,2,5490805350,46833239000
159회,2005-12-17,1,18,30,41,42,43,32,6,1755407300,44311926000
158회,2005-12-10,4,9,13,18,21,34,7,10,1069544340,46368888000
157회,2005-12-03,19,26,30,33,35,39,37,2,5484903750,46853365000
156회,2005-11-26,5,18,28,30,42,45,2,8,1401099900,47344584000
155회,2005-11-19,16,19,20,32,33,41,4,9,1193005734,46140202000
154회,2005-11-12,6,19,21,35,40,45,20,4,2836628700,48022386000
153회,2005-11-05,3,8,11,12,13,36,33,4,2730526125,47777735000
152회,2005-10-29,1,5,13,26,29,34,43,5,2278131840,48180334000
151회,2005-10-22,1,2,10,13,18,19,15,4,2716634025,47357067000
150회,2005-10-15,2,18,25,28,37,39,16,4,2831645850,48763778000
149회,2005-10-08,2,11,21,34,41,42,27,7,1639052143,48406950000
148회,2005-10-01,21,25,33,34,35,36,17,5,2323596420,49523247000
147회,2005-09-24,4,6,13,21,40,42,36,7,1700040215,50345605000
146회,2005-09-17,2,19,27,35,41,42,25,2,6043415250,50677555000
145회,2005-09-10,2,3,13,20,27,44,9,3,3797838200,48913832000
144회,2005-09-03,4,15,17,26,36,37,43,8,1402440413,49202521000
143회,2005-08-27,26,27,28,42,43,45,8,3,3954584700,49415357000
142회,2005-08-20,12,16,30,34,40,44,19,11,1018265564,48012844000
141회,2005-08-13,8,12,29,31,42,43,2,6,1900552400,48016958000
140회,2005-08-06,3,13,17,18,19,28,8,5,2109462840,45983464000
139회,2005-07-30,9,11,15,20,28,43,13,7,1650210215,48371085000
138회,2005-07-23,10,11,27,28,37,39,19,5,2227152000,47688450000
137회,2005-07-16,7,9,20,25,36,39,15,9,1270403467,49978654000
136회,2005-07-09,2,16,30,36,41,42,11,6,1997694150,51144633000
135회,2005-07-02,6,14,22,28,35,39,16,7,1717293515,51062672000
134회,2005-06-25,3,12,20,23,31,35,43,5,2349155100,50445575000
133회,2005-06-18,4,7,15,18,23,26,13,8,1450242600,50889926000
132회,2005-06-11,3,17,23,34,41,45,43,4,2920473525,49921897000
131회,2005-06-04,8,10,11,14,15,21,37,8,1451214488,50231773000
130회,2005-05-28,7,19,24,27,42,45,31,4,3036496650,51359012000
129회,2005-05-21,19,23,25,28,38,42,17,11,1093629655,51555754000
128회,2005-05-14,12,30,34,36,37,45,39,6,2064043100,52310392000
127회,2005-05-07,3,5,10,29,32,43,35,6,1965939150,50752603000
126회,2005-04-30,7,20,22,27,40,43,1,9,1369301500,52748965000
125회,2005-04-23,2,8,32,33,35,36,18,7,1754870786,53149705000
124회,2005-04-16,4,16,23,25,29,42,1,9,1395936267,54180838000
123회,2005-04-09,7,17,18,28,30,45,27,5,2532982680,54097448000
122회,2005-04-02,1,11,16,17,36,40,8,9,1450073800,56171704000
121회,2005-03-26,12,28,30,34,38,43,9,2,6839648100,57134544000
120회,2005-03-19,4,6,10,11,32,37,30,3,4364530300,57418983000
119회,2005-03-12,3,11,13,14,17,21,38,9,1474899400,57800632000
118회,2005-03-05,3,4,10,17,19,22,38,10,1297989720,57171934000
117회,2005-02-26,5,10,22,34,36,44,35,9,1558378334,59429610000
116회,2005-02-19,2,4,25,31,34,37,17,7,1997747315,61606084000
115회,2005-02-12,1,2,6,9,25,28,31,9,1488589567,59130557000
114회,2005-02-05,11,14,19,26,28,41,2,6,2362345050,60079401000
113회,2005-01-29,4,9,28,33,36,45,26,9,1561528934,59258248000
112회,2005-01-22,26,29,30,33,41,42,43,9,1567271167,59292005000
111회,2005-01-15,7,18,31,33,36,40,27,6,2199047450,57876999000
110회,2005-01-08,7,20,22,23,29,43,1,3,4566262000,57625490000
109회,2005-01-01,1,5,34,36,42,44,33,12,1246838200,62584098000
108회,2004-12-25,7,18,22,23,29,44,12,7,1998900772,58875228000
107회,2004-12-18,1,4,5,6,9,31,17,2,6679927800,57545202000
106회,2004-12-11,4,10,12,22,24,33,29,16,810461157,57384485000
105회,2004-12-04,8,10,20,34,41,45,28,4,3416781450,57479716000
104회,2004-11-27,17,32,33,34,42,44,35,2,6610743750,56533705000
103회,2004-11-20,5,14,15,27,30,45,10,8,1691589563,57420615000
102회,2004-11-13,17,22,24,26,35,40,42,9,1457153067,56937962000
101회,2004-11-06,1,3,17,32,35,45,8,5,2707297500,57585065000
100회,2004-10-30,1,7,11,23,37,42,6,4,3315315525,56561977000
99회,2004-10-23,1,3,10,27,29,37,11,6,2169219050,56207491000
98회,2004-10-16,6,9,16,23,24,32,43,4,3177972300,56231084000
97회,2004-10-09,6,7,14,15,20,36,3,9,1496214000,57713200000
96회,2004-10-02,1,3,8,21,22,31,20,7,1847133515,54217572000
95회,2004-09-25,8,17,27,31,34,43,14,8,1747741238,60077493000
94회,2004-09-18,5,32,34,40,41,45,6,6,2245339950,57144729000
93회,2004-09-11,6,22,24,36,38,44,19,6,2269178150,57236313000
92회,2004-09-04,3,14,24,33,35,36,17,11,1233270846,58296001000
91회,2004-08-28,1,21,24,26,29,42,27,4,3582902400,59061052000
90회,2004-08-21,17,20,29,35,38,44,10,4,3291435300,55493544000
89회,2004-08-14,4,26,28,29,33,40,37,3,4248321900,55102179000
88회,2004-08-07,1,17,20,24,30,41,27,4,3069709650,51910612000
87회,2004-07-31,4,12,16,23,34,43,26,11,1799358055,83793642000
86회,2004-07-24,2,12,37,39,41,45,33,1,14252186400,59835968000
85회,2004-07-17,6,8,13,23,31,36,21,4,3462109800,59451304000
84회,2004-07-10,16,23,27,34,42,45,11,2,7669779000,62780760000
83회,2004-07-03,6,10,15,17,19,34,14,2,7086948300,62512062000
82회,2004-06-26,1,2,3,14,27,42,39,1,14562494400,61302808000
81회,2004-06-19,5,7,11,13,20,33,6,5,2714288880,60983308000
80회,2004-06-12,17,18,24,25,26,30,1,1,13809540000,60160440000
79회,2004-06-05,3,12,24,27,30,32,14,4,3416443800,60390004000
78회,2004-05-29,10,13,25,29,33,35,38,4,3519850000,61257794000
77회,2004-05-22,2,18,29,32,43,44,37,3,5155758600,64420666000
76회,2004-05-15,1,3,15,22,25,37,43,2,7451022600,65083924000
75회,2004-05-08,2,5,24,32,34,44,28,4,3914616900,66138372000
74회,2004-05-01,6,15,17,18,35,40,23,3,5284949800,68902158000
73회,2004-04-24,3,12,18,32,40,43,38,6,2766662100,72635862000
72회,2004-04-17,2,4,11,17,26,27,1,13,3260524600,125651214000
71회,2004-04-10,5,9,12,16,29,41,21,0,0,62889986000
70회,2004-04-03,5,19,22,25,28,43,26,3,5031277800,63232578000
69회,2004-03-27,5,8,14,15,19,39,35,3,4962712200,63711302000
68회,2004-03-20,10,12,15,16,26,39,38,5,2945882100,63813236000
67회,2004-03-13,3,7,10,15,36,38,33,7,2114436500,64314872000
66회,2004-03-06,2,3,7,17,22,24,45,4,3685138200,63378796000
65회,2004-02-28,4,25,33,36,40,43,39,4,3727945800,66685144000
64회,2004-02-21,14,15,18,21,26,36,39,4,3899818000,65085154000
63회,2004-02-14,3,20,23,36,38,40,5,2,7922245500,67074050000
62회,2004-02-07,3,8,15,27,29,35,21,1,15817286400,66740368000
61회,2004-01-31,14,15,19,30,38,43,8,5,3541038800,73312994000
60회,2004-01-24,2,8,25,36,39,42,11,7,2172504600,65405936000
59회,2004-01-17,6,29,36,39,41,45,13,4,4127587300,67563698000
58회,2004-01-10,10,24,25,33,40,44,1,4,3676429200,66638136000
57회,2004-01-03,7,10,16,25,29,44,6,4,4114411900,70132666000
56회,2003-12-27,10,14,30,31,33,37,19,4,3777570900,65258932000
55회,2003-12-20,17,21,31,37,40,44,7,2,7088799600,62195764000
54회,2003-12-13,1,8,21,27,36,39,37,3,5148626600,63833006000
53회,2003-12-06,7,8,14,32,33,39,42,3,5014371000,64996010000
52회,2003-11-29,2,4,15,16,20,29,1,4,3900844900,64393446000
51회,2003-11-22,2,3,11,16,26,44,35,6,2421117000,62553680000
50회,2003-11-15,2,10,12,15,22,44,1,3,5227061400,65563234000
49회,2003-11-08,4,7,16,19,33,40,30,7,1967504600,64501142000
48회,2003-11-01,6,10,18,26,37,38,3,6,2415673600,65806832000
47회,2003-10-25,14,17,26,31,36,45,27,5,3250042400,67756694000
46회,2003-10-18,8,13,15,23,31,38,39,3,5327758800,68181568000
45회,2003-10-11,1,10,20,27,33,35,17,2,8356417800,71216232000
44회,2003-10-04,3,11,21,30,38,45,39,5,3362155800,69956950000
43회,2003-09-27,6,31,35,38,39,44,1,1,17749630800,74686296000
42회,2003-09-20,17,18,19,21,23,32,1,6,6899280100,119909740000
41회,2003-09-13,13,20,23,35,38,43,34,0,0,57624562000
40회,2003-09-06,7,13,18,19,25,26,6,13,1147652400,65699086000
39회,2003-08-30,6,7,13,15,21,43,8,6,2623748800,66094476000
38회,2003-08-23,16,17,22,30,37,43,36,3,5374866400,67369284000
37회,2003-08-16,7,27,30,33,35,37,42,3,4985999400,65509794000
36회,2003-08-09,1,10,23,26,28,40,31,1,16014475800,66856686000
35회,2003-08-02,2,3,11,26,37,43,39,3,5054598200,66143062000
34회,2003-07-26,9,26,35,37,40,42,2,5,3056918000,69389894000
33회,2003-07-19,4,7,32,33,40,41,9,1,14903517600,67457252000
32회,2003-07-12,6,14,19,25,34,44,11,10,1634528300,71179198000
31회,2003-07-05,7,9,18,23,28,35,32,2,8106672900,71317306000
30회,2003-06-28,8,17,20,35,36,44,4,2,8728555500,72399690000
29회,2003-06-21,1,5,13,34,39,40,11,5,3552594000,74523120000
28회,2003-06-14,9,18,23,25,35,37,1,10,1700361100,75448366000
27회,2003-06-07,1,20,26,28,37,43,27,2,9543982500,76145050000
26회,2003-05-31,4,5,7,18,20,25,31,5,3495069900,80193026000
25회,2003-05-24,2,4,21,26,43,44,16,2,24227745300,120073768000
24회,2003-05-17,7,8,27,29,36,43,6,0,0,78486634000
23회,2003-05-10,5,13,17,18,33,42,44,4,4317947700,77374256000
22회,2003-05-03,4,5,6,8,17,39,25,4,4552194900,79455152000
21회,2003-04-26,6,12,17,18,31,32,21,23,797475400,84247142000
20회,2003-04-19,10,14,18,20,23,30,41,1,19352212800,81056776000
19회,2003-04-12,6,30,38,39,40,43,26,1,40722959400,105957818000
18회,2003-04-05,3,12,13,19,32,35,29,0,0,66371660000
17회,2003-03-29,3,4,9,17,32,37,1,3,5349491200,72718152000
16회,2003-03-22,6,7,24,37,38,40,33,4,4377146100,75777348000
15회,2003-03-15,3,4,16,30,31,37,13,1,17014245000,73264910000
14회,2003-03-08,2,6,12,31,33,40,15,4,9375048300,99838648000
13회,2003-03-01,22,23,25,37,38,42,26,0,0,66532136000
12회,2003-02-22,2,11,21,25,39,45,44,12,1348845700,76255508000
11회,2003-02-15,1,7,36,37,41,42,14,5,4780152300,91925306000
10회,2003-02-08,9,25,30,33,41,44,6,13,6430437900,260856392000
9회,2003-02-01,2,4,16,17,36,39,14,0,0,73624020000
8회,2003-01-25,8,19,25,34,37,39,9,0,0,20751450000
7회,2003-01-18,2,9,16,25,26,40,42,0,0,12794890000
6회,2003-01-11,14,15,26,27,40,42,34,1,6574451700,15305356000
5회,2003-01-04,16,24,29,40,41,42,3,0,0,6277102000
4회,2002-12-28,14,27,30,31,40,42,2,0,0,5271464000
3회,2002-12-21,11,16,19,21,27,31,30,1,2000000000,4729342000
2회,2002-12-14,9,13,21,25,32,42,2,1,2002006800,4904274000
1회,2002-12-07,10,23,29,33,37,40,16,0,0,3681782000
